time,51.2,52.7,54.2,55.7,57.2,58.7,60.2,61.7,63.2,64.7,66.2,67.7,69.2
0,-14.3451,-10.8747,-12.0479,-21.6765,-32.79,-60.4126,-37.2012,-39.8201,-49.5021,-62.8036,-38.9666,-68.9111,-84.4488
0.05,49.9574,47.2675,45.0077,36.7417,29.756,22.4372,16.4619,11.4117,7.9608,-13.6632,-2.7212,-13.3854,-10.714
0.1,109.009,108.1726,94.9469,89.9281,84.299,80.0136,72.1628,57.515,55.3043,63.5171,47.4106,49.0118,44.0211
0.15,166.5899,144.0526,157.4036,144.0724,149.9443,130.4736,121.4208,127.3773,106.8136,102.7327,100.5373,87.5905,88.5129
0.2,184.5717,174.5437,176.5143,169.4001,162.365,164.6293,170.4526,162.9403,139.8649,138.7594,142.8944,136.1274,135.1854
0.25,190.8109,187.8523,175.6061,184.9765,203.7036,168.8346,183.426,169.1665,167.5289,173.6701,169.5158,178.5347,180.4851
0.3,194.7766,176.1099,198.5317,178.3924,173.508,177.4202,191.9866,188.3245,179.9198,183.8255,179.1579,165.1211,190.5358
0.35,156.4072,160.8203,172.4191,162.3271,170.1955,165.5167,171.856,174.8397,187.1647,170.7036,167.0979,177.0038,169.1186
0.4,101.3554,122.4162,130.2043,136.0867,140.0573,133.9635,144.5472,140.7686,153.1988,151.3732,153.931,142.7342,159.1757
0.45,65.9639,64.274,71.9591,91.6954,84.5247,87.0889,88.9913,103.1127,113.1604,103.3669,99.9038,118.6437,120.7734
0.5,5.4794,11.5554,25.5973,28.7594,26.0165,30.6326,48.0619,43.8399,56.814,54.7186,62.5984,69.7925,68.7074
0.55,-54.4915,-52.357,-35.3256,-31.0019,-39.2487,-21.9098,-20.8169,-13.3703,4.601,1.883,1.2797,13.9095,16.9491
0.6,-106.5279,-107.3611,-105.4597,-100.6963,-81.3992,-95.171,-76.3617,-56.6773,-60.306,-49.9222,-54.1959,-60.557,-36.9316
0.65,-149.6576,-143.2258,-139.715,-128.3982,-130.5263,-126.488,-127.6386,-107.439,-102.9046,-98.1446,-105.5139,-79.6973,-83.1225
0.7,-185.17,-177.8448,-170.4506,-172.6061,-171.8259,-156.3278,-170.2682,-136.9784,-137.4978,-145.9985,-144.8113,-136.8801,-138.5814
0.75,-193.9977,-189.2914,-194.8576,-191.7908,-189.8999,-180.9039,-172.9298,-192.6839,-168.067,-177.8238,-173.0937,-158.0959,-171.7993
0.8,-189.1833,-188.0856,-186.7298,-172.1052,-179.2045,-195.8202,-189.8898,-186.23,-191.3648,-193.9374,-187.5203,-172.407,-181.1823
0.85,-165.6713,-169.8401,-163.3351,-169.155,-165.7008,-164.8374,-175.0924,-164.6469,-170.4651,-195.8384,-168.4173,-154.2312,-179.3783
0.9,-117.638,-119.3888,-132.3739,-126.9038,-135.9456,-146.8741,-142.1958,-131.9342,-155.2949,-124.8097,-142.4842,-155.1174,-142.8766
0.95,-68.9969,-64.1794,-83.474,-79.9124,-86.2156,-82.2298,-81.8754,-87.0805,-110.4742,-111.7806,-120.4686,-112.769,-120.6895
1,-14.972,1.5863,-18.334,-25.5077,-20.649,-44.383,-26.648,-48.6368,-48.4187,-61.1708,-51.8562,-70.0806,-67.0006
1.05,53.0597,50.0902,50.1498,38.8674,29.303,21.9116,24.0031,12.6534,12.088,-5.0186,3.2194,-4.1421,-20.2898
1.1,105.6553,96.8704,96.5313,90.9287,94.8616,83.2587,61.3914,68.0074,60.0142,62.7729,39.7363,48.5064,38.9283
1.15,148.6788,154.9409,136.7849,151.4847,132.5893,130.2515,117.0726,118.9087,122.6859,99.7737,81.1123,101.7188,96.6301
1.2,179.7457,187.4404,171.3502,177.4709,168.7828,157.3065,160.5122,142.0142,131.9886,144.5469,132.8033,138.3097,112.3992
1.25,206.7062,191.7366,196.1014,194.3754,182.0456,180.7715,180.4591,180.5441,167.5026,171.0817,155.3444,179.3414,183.5016
1.3,185.2412,185.4403,179.0496,200.6939,187.4961,180.4205,177.9897,182.0117,187.7727,171.02,189.14,177.1447,164.5331
1.35,157.6286,166.3021,156.7868,152.4666,164.3034,158.8856,169.4471,178.1071,177.7602,162.3586,169.062,167.1104,177.7855
1.4,113.9739,133.7472,125.2798,132.5488,134.1221,151.8041,138.3644,149.9952,151.1866,149.934,132.4544,156.9961,160.6636
1.45,61.5126,71.067,77.6111,89.2785,74.1764,88.6126,98.1971,104.7564,98.7273,107.3533,116.847,123.0474,111.1797
1.5,-1.0819,20.0012,18.2886,29.215,35.0017,30.4348,48.6425,56.1045,41.4322,45.9409,56.5679,65.0203,65.0923
1.55,-56.0103,-44.5382,-41.7262,-28.3786,-32.5002,-28.2896,-14.4257,-6.5116,-3.0831,-12.5101,24.5797,8.1277,14.9451
1.6,-98.7883,-107.4324,-103.9039,-90.6045,-89.2646,-66.7761,-73.0944,-57.1077,-53.5968,-54.4335,-35.0777,-28.5034,-46.0083
1.65,-156.4066,-155.8657,-150.408,-131.2898,-130.2394,-135.2011,-120.7056,-99.7435,-123.7613,-106.1123,-100.5988,-90.7286,-106.5842
1.7,-183.5227,-178.8647,-162.8073,-170.557,-160.1125,-173.3375,-154.4241,-146.0141,-146.9431,-138.3492,-137.0805,-138.6296,-136.7048
1.75,-195.0262,-193.4884,-188.0626,-188.3842,-178.3474,-187.9036,-187.3153,-161.2935,-170.0778,-172.8886,-161.4734,-167.3099,-159.8482
1.8,-181.6225,-194.1351,-192.8467,-203.0183,-186.5026,-176.0319,-194.5933,-191.2317,-184.7711,-185.175,-181.1929,-179.9926,-176.2793
1.85,-156.9814,-165.8813,-163.6106,-168.7258,-175.1565,-162.1068,-176.5971,-173.1579,-168.2733,-172.0051,-159.2982,-170.332,-171.8702
1.9,-111.7412,-134.2712,-129.2381,-126.6699,-130.5078,-130.6052,-140.0599,-149.4806,-142.5602,-144.5816,-154.9144,-164.8037,-148.6758
1.95,-65.483,-62.038,-80.7194,-82.4925,-81.9229,-96.1083,-85.7406,-92.4034,-107.8284,-101.1157,-105.6502,-110.3295,-124.2537
2,-1.9231,-11.0151,-20.8765,-29.8592,-28.957,-43.4715,-36.8676,-50.7313,-50.8075,-67.0962,-77.5286,-73.9848,-72.7421
2.05,60.6168,45.3213,37.2778,20.6928,26.0661,16.7499,16.9474,6.0394,-2.421,6.4897,5.2082,-13.5386,-10.6637
2.1,114.8925,111.0713,102.3266,98.4841,84.0131,70.0146,77.311,71.4837,60.9254,56.9554,59.0141,29.2525,53.1882
2.15,162.4796,148.3158,143.3031,142.017,134.5775,133.6544,120.0902,107.8671,117.6116,102.71,93.1105,100.8552,103.1865
2.2,182.7517,178.853,184.5491,166.9737,154.7173,170.2264,164.0211,151.3471,169.034,147.7675,141.1009,147.2566,120.6204
2.25,193.6653,190.3582,193.7072,183.6372,179.3193,187.1852,175.1629,177.7815,159.0921,180.0587,165.3636,169.8627,160.1093
2.3,177.6179,200.0292,180.4044,185.5158,194.04,187.3833,186.0592,186.0949,172.1937,174.5652,174.677,178.4612,175.7085
2.35,165.8831,160.3998,159.7578,170.1147,170.595,177.5498,172.363,175.806,172.3149,177.5352,185.7544,159.8262,180.0313
2.4,114.1145,118.2681,125.2271,124.9925,126.6583,129.9184,131.7897,141.8249,153.8907,146.136,151.2845,156.2541,148.2129
2.45,63.851,74.7235,82.4203,92.4063,77.6001,83.5966,95.9757,97.6164,97.4321,109.0139,99.9533,109.8422,115.0446
2.5,9.6502,21.1713,13.7672,21.6558,31.0959,41.4859,42.7942,52.2024,49.7799,65.654,59.6566,56.8089,70.2789
2.55,-51.5084,-50.0384,-32.2152,-41.1201,-25.3555,-9.3516,-14.3185,-14.7506,-0.987,15.1479,12.0679,16.6354,8.2204
2.6,-109.0349,-104.0196,-100.9916,-89.8425,-73.8379,-80.7009,-76.3621,-64.102,-58.9717,-54.5225,-39.3335,-30.9311,-28.715
2.65,-147.0085,-143.0626,-150.6306,-132.0363,-122.9517,-128.9165,-123.8682,-109.5169,-109.516,-103.2688,-107.4843,-90.335,-88.0629
2.7,-185.2412,-187.6207,-174.2133,-167.7868,-165.172,-167.5307,-151.0941,-149.4622,-172.1804,-138.2212,-140.654,-137.9398,-137.3454
2.75,-186.4204,-199.3609,-193.2078,-197.8658,-184.9854,-184.2739,-171.2322,-176.132,-176.1877,-169.8844,-173.8462,-175.7833,-171.1068
2.8,-184.5842,-173.8003,-194.5171,-203.5532,-185.4131,-190.7983,-190.1238,-171.198,-178.621,-177.1943,-183.4459,-183.761,-162.5202
2.85,-157.9407,-156.9203,-170.5467,-160.8526,-174.9828,-170.8393,-167.9825,-170.1115,-176.0301,-168.3469,-177.4466,-164.4002,-168.9013
2.9,-115.7054,-136.4631,-132.346,-143.7759,-135.815,-138.1718,-136.8514,-152.0421,-140.5542,-145.6907,-153.1435,-150.1983,-158.215
2.95,-70.8511,-79.947,-75.0677,-88.3381,-69.4617,-89.4238,-95.8122,-91.1434,-105.6023,-112.1473,-102.0444,-111.1558,-107.015
3,2.7764,-13.5702,-18.8748,-20.1382,-22.3745,-28.2834,-50.7254,-56.6653,-60.9151,-59.7973,-62.7092,-75.6759,-81.1821
3.05,50.338,43.2034,40.941,30.8487,25.7866,10.1203,12.1072,16.631,3.0338,-14.6114,-1.6563,-15.7773,-14.6579
3.1,119.7876,101.0014,102.9553,84.6879,84.5277,82.2035,69.6266,68.5399,64.5739,53.3083,48.8122,38.4774,32.0643
3.15,155.5163,149.1736,134.5829,134.076,129.2708,120.4194,126.2884,112.8062,113.1346,97.5966,99.2057,92.2182,98.1758
3.2,187.329,174.1572,182.672,178.8895,165.1585,162.1317,148.7446,151.7843,149.0018,153.1206,131.1931,139.7702,152.2503
3.25,195.4056,196.7795,191.565,181.2338,188.2013,192.7397,173.0703,190.5286,191.0005,173.3838,167.8507,167.3755,159.7725
3.3,179.1841,191.6538,186.9852,184.6767,192.5132,186.027,182.3414,182.4561,178.155,174.2532,184.7708,175.2882,177.4975
3.35,143.769,160.7771,171.6616,171.4097,168.8608,164.812,173.113,164.5429,169.3153,178.7147,186.2746,173.8221,163.2654
3.4,129.7923,124.594,126.6622,132.8029,139.0936,127.1352,144.0033,142.5561,141.3158,153.8438,142.4791,164.0934,160.7923
3.45,59.6697,65.6434,74.0118,71.9451,79.2622,104.1424,101.8242,100.5418,99.6626,102.1717,124.3141,107.8896,120.257
3.5,4.0375,22.1695,24.3794,30.9595,25.4743,34.4339,44.6781,50.117,56.6364,64.1488,51.522,59.5088,63.8975
3.55,-55.3738,-54.2841,-42.7081,-36.6797,-32.5099,-17.071,-18.8037,-14.197,-4.5051,-6.3945,-5.4901,11.6751,12.9318
3.6,-109.1925,-107.755,-95.4587,-96.5734,-82.3287,-89.3657,-73.5797,-62.9818,-56.9828,-45.7237,-54.1972,-35.1435,-37.0191
3.65,-151.2696,-159.0308,-145.6444,-142.8305,-128.9216,-134.8878,-118.54,-127.2341,-110.0686,-94.6227,-108.5618,-82.2551,-86.991
3.7,-177.4346,-194.4749,-172.7162,-172.2209,-170.4974,-171.3974,-158.3728,-148.0445,-162.2153,-161.9117,-137.4516,-119.7761,-135.3593
3.75,-194.5124,-200.1149,-193.6817,-181.4084,-166.6088,-175.7233,-175.028,-177.0329,-164.8751,-169.6394,-174.3251,-165.241,-153.4667
3.8,-190.9109,-186.7582,-191.4501,-181.4288,-196.7859,-177.5383,-187.0861,-183.3378,-170.4741,-177.4465,-184.0324,-192.2454,-163.7345
3.85,-167.512,-170.0119,-160.8559,-171.3962,-171.8417,-161.4294,-176.9972,-157.6906,-171.9661,-164.5595,-172.417,-169.1904,-171.181
3.9,-124.3385,-115.3065,-126.7275,-138.9161,-133.9101,-136.5446,-140.2621,-151.6575,-141.3368,-142.9685,-152.8479,-157.3383,-147.4092
3.95,-65.8442,-73.5265,-75.2766,-83.3186,-73.8231,-98.0847,-94.3933,-100.9984,-101.8689,-122.3663,-101.3396,-106.1001,-114.8489
4,-7.1404,-9.4394,-37.6483,-22.4916,-27.4505,-37.2546,-35.8873,-56.5569,-46.8145,-61.3589,-56.0399,-78.9366,-64.0997
4.05,61.149,62.1454,42.5605,33.4857,38.4535,24.4638,6.4642,7.6925,3.6781,-1.5391,-4.1346,-13.5595,-12.7441
4.1,110.0186,101.2713,83.9953,86.9512,92.2039,88.2526,81.8688,68.2339,61.4691,53.4088,59.3928,34.9497,36.0665
4.15,148.0229,143.1242,142.5338,144.8442,133.7738,131.4169,108.8751,97.9995,104.3169,95.8214,89.4941,85.7917,96.096
4.2,188.9196,183.1976,166.6212,168.2378,164.8137,173.2023,154.1445,154.456,149.0246,144.1397,145.0437,143.6579,121.275
4.25,183.1608,188.1022,194.948,185.6689,175.9942,177.6095,186.8175,178.5764,172.7935,171.3931,185.6205,151.6392,159.7904
4.3,199.204,186.6668,181.4205,179.1207,182.8422,191.4808,185.391,179.3961,185.7525,192.6345,183.0338,181.7882,179.4804
4.35,172.0506,171.4117,166.3353,171.7444,177.654,163.0127,167.0741,169.3307,164.8536,179.0019,172.1506,176.9167,173.3385
4.4,117.82,123.9369,125.5986,144.0213,139.2944,141.4807,133.8308,132.2268,146.1944,152.0347,144.174,143.8963,153.6653
4.45,67.6065,71.9924,73.4611,75.6285,81.739,86.6014,97.6401,106.196,107.9885,101.4354,107.7785,113.4548,107.1103
4.5,4.1754,9.857,17.2017,27.4679,30.087,35.2173,51.3252,41.7451,59.5341,52.7583,55.2036,65.3668,70.6549
4.55,-60.4601,-55.5477,-33.1384,-32.6974,-31.6542,-15.7879,-13.9034,-11.9016,-7.2886,10.0448,9.8179,23.1102,21.0073
4.6,-126.3431,-96.1156,-99.3167,-94.3123,-76.4965,-78.9997,-60.8851,-75.3235,-64.4266,-51.6194,-46.5792,-39.016,-38.9273
4.65,-152.4102,-140.6752,-143.9512,-130.3249,-134.3195,-117.0938,-128.867,-103.8235,-105.431,-99.4086,-96.3754,-92.0067,-74.3342
4.7,-180.8892,-175.1639,-171.2031,-178.9385,-171.1346,-165.136,-166.5065,-142.8738,-152.3553,-137.955,-135.2466,-137.268,-143.3219
4.75,-203.1381,-185.1775,-199.0251,-181.3401,-191.1536,-178.6003,-180.3506,-182.0554,-154.6538,-165.1576,-161.8951,-165.5144,-153.3152
4.8,-192.4915,-184.9125,-182.9845,-182.0675,-193.1999,-187.6504,-184.4041,-184.7197,-183.2543,-178.5624,-184.5467,-167.6699,-169.5236
4.85,-170.8937,-161.3453,-167.0251,-172.8567,-175.4904,-162.7701,-177.6893,-165.0008,-178.5982,-188.1349,-165.2214,-164.4655,-192.2987
4.9,-128.0432,-124.9324,-130.3936,-124.1024,-139.3266,-142.5691,-140.2872,-146.9992,-160.1296,-155.3383,-152.2333,-155.4138,-144.6374
4.95,-57.2333,-70.3964,-79.4985,-76.6996,-94.0631,-94.8817,-102.3746,-96.9053,-104.267,-105.1893,-99.5969,-112.5681,-117.7278
5,-7.5579,-18.5007,-16.3864,-31.6408,-32.6446,-28.9703,-48.5693,-48.2066,-42.8662,-68.5001,-64.0478,-84.068,-58.9221
5.05,51.6705,43.2552,43.4367,29.3527,27.6914,12.2775,18.0778,11.3429,5.9592,8.8308,-2.4364,-23.7066,-18.1539
5.1,118.18,104.2251,98.158,95.728,90.9455,75.83,67.3506,62.7327,66.1779,56.6826,57.3036,43.728,40.557
5.15,156.6153,158.7924,143.193,138.391,135.7528,141.6829,116.6807,120.3107,123.4632,107.7185,98.9222,85.4856,86.3422
5.2,180.2817,186.1721,181.202,176.99,155.4745,165.4594,164.2546,152.3539,155.5881,146.6099,147.7466,127.3249,129.5763
5.25,194.4243,186.5813,199.6174,183.546,193.5751,185.0322,182.3461,181.8187,170.8913,165.3864,168.4676,164.9469,182.7151
5.3,192.8931,191.0691,192.351,181.7375,182.2521,184.9838,184.1354,179.2128,190.3674,188.868,185.8883,174.6941,170.2917
5.35,164.4584,172.4727,167.9237,172.5192,166.1189,168.6155,181.4262,177.4139,172.4313,160.736,178.6234,177.9478,180.5384
5.4,123.2038,102.7921,124.3079,127.552,139.259,144.3028,131.8585,140.9332,150.4392,152.6235,160.2106,152.8799,155.7338
5.45,66.6724,80.487,70.1863,74.2917,90.7755,95.8837,108.1435,108.485,93.0026,103.0035,114.8379,106.8938,107.7233
5.5,11.1363,17.3684,13.3522,26.7123,18.4956,25.3302,46.5775,51.7618,43.4789,73.1105,59.9277,66.216,68.8049
5.55,-53.2585,-39.4357,-48.736,-40.7635,-14.0399,-20.8756,-17.8729,1.3478,-6.6562,6.5679,-6.8678,14.5925,29.3546
5.6,-117.4444,-104.6599,-84.3739,-90.8604,-76.5785,-80.6549,-82.6875,-62.3699,-59.8872,-59.4792,-50.7328,-49.4925,-48.7098
5.65,-157.9553,-156.1308,-159.4486,-142.3179,-134.6382,-129.4534,-125.8643,-111.9862,-110.1144,-108.268,-95.4401,-94.5672,-87.8845
5.7,-180.3409,-176.9518,-183.655,-167.992,-171.1274,-165.8286,-152.6313,-163.6938,-161.21,-145.432,-129.6074,-122.4484,-131.4863
5.75,-213.1399,-185.0907,-185.4038,-189.8159,-195.9231,-188.5739,-188.3094,-180.0429,-184.5369,-170.5314,-150.8269,-161.2635,-161.5262
5.8,-192.9107,-184.1113,-191.844,-190.4312,-182.0133,-187.4566,-191.2912,-171.3204,-192.9704,-173.2997,-175.6947,-183.8179,-172.9156
5.85,-160.9465,-163.3127,-161.642,-176.0881,-171.3786,-181.4731,-167.2448,-165.819,-168.8848,-172.2952,-157.3332,-169.1653,-174.2713
5.9,-126.1222,-115.6212,-135.5754,-137.6024,-138.0862,-148.3847,-144.5923,-151.5963,-152.5003,-139.5192,-150.9052,-153.6695,-162.57
5.95,-66.5269,-65.6102,-71.037,-82.1841,-82.6369,-105.6232,-92.7308,-91.0702,-102.4021,-99.0067,-118.7475,-122.5831,-109.8009
6,-10.5188,-14.3254,-27.5535,-19.0512,-33.1546,-50.0175,-47.8516,-48.6929,-45.9757,-62.0123,-61.2803,-70.2506,-68.3976
6.05,60.4858,51.849,40.2077,37.2714,20.1001,27.5998,15.1714,6.596,12.1364,5.0631,-12.2517,-16.1396,-21.793
6.1,109.6451,107.5707,95.5799,91.58,78.4941,78.6442,83.4462,72.9544,63.7992,49.4395,49.9192,43.6641,45.5117
6.15,149.7913,152.7421,145.5447,132.9716,139.776,132.9902,124.3859,112.7363,102.9798,112.002,98.8046,103.4292,92.0643
6.2,185.2855,171.4896,177.9095,175.0762,173.3192,161.7425,157.2367,164.7523,152.1486,143.436,138.5307,145.3906,142.519
6.25,187.6473,204.7553,198.7145,201.4986,191.3586,178.2477,183.6273,180.7994,170.703,169.1141,175.637,171.4776,160.9309
6.3,180.9423,197.6021,195.104,175.2177,182.1665,177.6737,178.9354,173.2769,187.5545,180.7779,191.0011,174.1377,186.9812
6.35,168.7044,157.986,168.7102,178.3385,169.8015,169.3981,166.8995,176.0026,175.7091,173.482,169.2947,168.2133,174.9706
6.4,123.401,136.9833,140.0124,134.1691,137.251,132.8776,131.7081,148.5372,140.9659,156.3727,159.3976,156.3284,157.8112
6.45,61.0046,61.6034,82.9585,78.1934,91.0667,100.3036,97.2833,83.0681,106.2174,123.8561,112.8977,122.1227,117.6116
6.5,-9.7505,24.4636,20.1401,23.478,28.8213,40.16,48.8981,46.112,56.5856,58.1837,59.989,67.9169,71.0049
6.55,-45.1302,-45.2956,-35.6611,-38.3034,-35.7395,-31.9076,-13.1682,-4.2197,0.7807,14.7129,23.0429,13.2593,16.243
6.6,-115.3347,-98.7892,-89.2948,-91.4652,-77.0006,-90.8261,-75.2125,-67.2143,-56.4795,-53.2844,-51.1016,-53.4774,-54.2645
6.65,-160.362,-136.1101,-138.2954,-140.0382,-133.9983,-116.8032,-113.274,-107.1592,-112.7243,-95.9196,-99.1215,-101.1017,-95.9738
6.7,-173.1719,-173.0998,-164.6434,-169.1251,-156.8013,-158.5912,-165.8097,-154.6618,-148.9597,-160.1953,-141.6539,-140.2134,-128.0664
6.75,-204.1292,-192.0775,-194.2153,-185.1794,-196.6847,-186.2013,-185.0877,-197.4033,-173.2715,-173.8749,-173.9421,-170.6149,-156.2625
6.8,-183.3481,-191.0159,-198.1427,-187.6842,-184.3984,-188.9367,-197.0872,-172.2163,-182.0084,-179.7401,-182.1196,-173.1324,-178.8824
6.85,-160.7366,-165.5453,-169.3769,-158.7294,-174.9234,-169.6461,-163.7243,-178.6589,-165.2356,-175.5029,-186.276,-165.8152,-173.2542
6.9,-128.2529,-127.3343,-125.3791,-127.6007,-137.5836,-144.0594,-143.5973,-140.2794,-150.3538,-147.6877,-156.5605,-155.7861,-150.6655
6.95,-63.7026,-56.5662,-70.806,-81.5645,-88.0601,-94.62,-109.3733,-88.0293,-102.3987,-103.7556,-106.1248,-102.0097,-116.9452
7,-2.212,-13.1155,-8.6746,-25.0983,-35.3784,-34.319,-49.5973,-30.4574,-39.0386,-58.8001,-59.7276,-70.6963,-74.865
7.05,63.4533,48.0229,36.1984,27.3991,23.8906,20.2902,11.6161,18.5759,9.257,3.7372,-14.6724,3.0057,-9.8936
7.1,113.6858,105.6091,89.2226,97.482,79.1893,63.5946,64.7574,58.377,63.6782,54.6739,43.778,44.2556,37.0847
7.15,134.0983,145.8887,144.899,141.817,123.8622,126.7047,114.2336,120.5481,110.3324,113.9983,107.0348,90.9026,93.4025
7.2,190.9356,188.164,178.1922,169.8448,169.6178,168.217,162.1878,160.6905,156.9265,146.5781,144.0829,122.4083,125.3849
7.25,192.7564,201.6242,185.1105,199.6923,189.6884,183.0066,186.3111,179.8415,164.4853,167.6135,172.9125,165.8585,169.9771
7.3,175.0318,196.5819,185.8666,193.4737,182.703,190.286,194.7027,184.9995,177.1518,186.8327,168.3457,181.0538,187.6931
7.35,161.5546,167.6701,159.4388,164.9138,160.5634,168.1461,171.7101,160.7795,165.6908,162.9869,179.9319,171.088,172.7851
7.4,121.5897,117.2513,133.5094,119.9177,131.5368,145.6034,136.821,143.534,146.8629,150.6657,140.4519,138.7407,162.7717
7.45,62.2903,59.8007,72.9818,83.6997,74.6737,91.4739,87.7056,111.1477,95.5976,114.2224,104.6396,121.8373,130.0198
7.5,6.6586,17.5623,10.9157,25.2235,27.5397,34.668,41.7705,50.5413,42.2638,45.0232,59.8315,68.0595,65.0121
7.55,-61.7428,-50.771,-44.0984,-34.3625,-36.1289,-17.911,-9.5206,-9.2665,-3.5332,1.5326,-4.2661,7.1063,21.0835
7.6,-105.8933,-102.8602,-93.7179,-92.5323,-75.2327,-88.5509,-68.2639,-71.9863,-55.5557,-53.4006,-59.0858,-38.0514,-33.5254
7.65,-156.4998,-150.104,-154.2643,-139.2049,-127.6161,-128.8774,-128.0494,-132.3369,-111.9715,-107.1796,-106.0199,-93.1178,-87.1313
7.7,-182.2449,-184.9553,-164.7985,-171.9674,-172.3836,-151.3015,-163.5648,-155.0193,-139.126,-161.3156,-143.8178,-143.9585,-132.7258
7.75,-186.1777,-198.6851,-199.1739,-185.0949,-195.8355,-184.4218,-171.507,-182.7897,-178.6477,-180.8877,-172.9067,-174.0916,-159.1634
7.8,-189.9078,-185.3908,-197.8553,-178.6222,-183.5631,-185.3709,-178.8319,-181.9153,-191.8351,-177.3058,-168.2099,-173.3279,-182.4688
7.85,-164.9459,-163.11,-165.033,-162.0189,-156.5371,-154.3648,-175.0304,-182.6867,-178.0482,-166.7311,-169.7905,-176.7894,-171.1339
7.9,-123.7564,-131.3321,-116.7272,-126.2263,-127.9382,-142.6489,-134.9087,-139.8634,-139.7619,-143.7788,-168.4768,-151.6657,-148.4323
7.95,-62.1154,-77.7945,-72.958,-80.9747,-93.923,-92.1846,-95.6372,-98.05,-108.1142,-104.7678,-99.5028,-120.6591,-116.4928
8,-3.5606,-14.4105,-15.4528,-25.4237,-31.2577,-39.6256,-38.2329,-45.095,-53.9334,-57.6797,-62.6456,-67.8164,-69.2393
8.05,70.6787,55.9714,34.666,27.5125,34.9625,19.5536,22.0144,0.3696,7.2454,4.697,-15.3969,-13.2353,-19.6707
8.1,111.8999,108.3519,94.6382,89.5762,95.7846,74.3123,70.6779,67.4594,59.6605,50.9971,53.3517,38.8256,36.8779
8.15,152.83,146.1916,146.8995,141.2561,142.8843,127.5026,115.8359,113.1387,115.0995,96.2523,100.4207,107.3032,96.873
8.2,187.7685,184.7448,179.0188,170.437,177.7211,152.1367,159.1094,152.7184,137.3904,144.5399,139.988,133.1141,137.0108
8.25,202.8779,193.7401,193.4167,192.3207,209.1079,190.1343,171.6677,175.024,176.3422,158.1495,165.6982,178.5232,164.3896
8.3,191.6888,182.5475,185.0756,178.3306,187.3436,184.7791,192.3073,190.9127,180.4588,176.2657,184.4572,168.6993,169.9594
8.35,155.7172,158.791,160.468,150.461,163.6712,169.1109,176.3344,166.765,172.0369,164.7265,168.2845,169.8966,174.321
8.4,131.0312,117.1534,127.5703,121.7544,134.4549,134.4082,140.4176,158.4105,150.8933,143.6794,146.1814,153.3042,152.7723
8.45,69.9031,73.8533,80.6155,76.4147,86.7241,93.8499,106.3483,83.7973,108.4978,115.1893,121.7275,123.6272,114.4871
8.5,-3.3091,14.8559,9.6178,27.4844,34.1021,42.3151,50.9601,53.6875,56.82,56.9754,55.521,66.15,82.8873
8.55,-52.7794,-39.0037,-36.1124,-41.9616,-20.8429,-28.4869,-17.6069,-7.4208,-11.1449,3.106,-8.4746,4.8912,22.4891
8.6,-115.2258,-106.8182,-82.0994,-91.3735,-81.6556,-68.122,-63.2957,-61.0539,-70.5255,-38.8879,-45.8895,-50.6329,-26.7057
8.65,-160.092,-162.0713,-130.3117,-144.6461,-130.2716,-123.9053,-115.5432,-119.352,-110.2819,-106.6148,-102.478,-96.5171,-99.708
8.7,-181.7836,-172.3688,-173.5724,-173.7139,-156.5845,-158.1766,-150.7368,-149.0836,-146.0927,-142.6903,-140.6144,-136.5166,-134.1723
8.75,-196.7156,-197.6086,-195.8894,-190.3598,-196.493,-179.7597,-186.0751,-185.2556,-179.6383,-167.2667,-168.8358,-174.5016,-161.3691
8.8,-193.2414,-186.657,-187.0333,-184.3013,-184.932,-193.4818,-197.1423,-188.5182,-190.9121,-188.7447,-186.7191,-180.6483,-174.1281
8.85,-157.2031,-171.1327,-168.0221,-161.9664,-171.023,-181.8093,-181.3571,-180.4389,-173.4374,-169.4448,-186.2086,-175.8733,-171.5452
8.9,-123.8171,-126.151,-131.4102,-139.4087,-146.0582,-130.6179,-146.864,-135.6832,-149.4098,-151.9805,-145.0449,-148.5347,-160.7894
8.95,-63.725,-81.9119,-68.6293,-75.7224,-95.8174,-100.2545,-88.7824,-89.5037,-113.8217,-125.5193,-114.5881,-117.4777,-109.3818
9,-11.1927,-3.48,-19.9594,-20.6422,-33.023,-34.8043,-42.5167,-47.2407,-48.0994,-50.9973,-56.1564,-72.111,-71.1568
9.05,44.0215,45.7167,42.5273,22.8768,19.8659,19.7801,2.5158,11.532,17.8616,-9.3802,-9.0811,-17.5314,-24.358
9.1,118.6646,96.5705,102.4141,86.6163,91.9732,72.1512,83.962,68.0102,65.6999,53.8467,61.2849,35.3002,41.8047
9.15,152.9576,161.3761,132.3426,152.0254,134.7834,130.2167,124.7004,118.2192,113.7797,114.7417,82.7339,95.6826,93.6779
9.2,184.7752,178.4564,174.9427,170.5206,166.8342,162.7964,162.4042,141.4633,156.203,129.3138,134.0904,138.5676,126.6676
9.25,191.2286,180.1147,188.3012,199.7584,169.605,180.4182,178.2193,188.4757,187.5655,162.0868,181.0653,168.1708,158.2601
9.3,191.5296,190.4474,187.8645,181.6067,178.1425,177.1486,172.2115,177.1112,182.0084,176.1937,175.8272,184.5708,188.3127
9.35,161.6923,163.8713,164.8798,162.7048,162.5226,169.4358,188.1884,171.5157,170.2904,170.22,173.5033,178.5628,169.3688
9.4,126.3925,118.3739,121.138,130.6808,146.8878,135.5207,135.2736,151.2885,149.504,152.9583,152.8937,144.8562,156.9611
9.45,65.3007,63.6359,75.2395,85.3401,87.6313,85.6657,92.0743,106.9142,99.5248,104.1198,100.8973,108.3908,139.6521
9.5,2.6534,22.716,14.3825,12.7747,35.8933,42.7389,42.23,48.6255,48.5839,52.0196,50.397,68.1451,70.26
9.55,-62.8218,-50.4882,-43.0361,-47.7508,-22.1459,-13.5859,-6.8716,-8.252,-5.3719,-1.7048,-0.8588,12.0794,14.2419
9.6,-114.4043,-107.3488,-92.2412,-88.3583,-79.9978,-72.0345,-70.3677,-64.909,-70.2975,-49.3531,-50.6946,-48.6871,-46.9788
9.65,-165.4652,-148.4418,-141.2922,-133.0513,-133.9851,-119.1248,-122.7476,-108.1373,-118.1123,-98.585,-89.8567,-88.2781,-74.5162
9.7,-181.2525,-185.0535,-166.9623,-170.6596,-166.8263,-167.6494,-167.5353,-157.4226,-149.5359,-128.2176,-160.0646,-135.3116,-131.5815
9.75,-192.4169,-196.4919,-187.0204,-188.2091,-183.1182,-184.8458,-180.9355,-183.1597,-178.7264,-174.684,-159.3758,-158.6416,-155.6372
9.8,-188.4884,-191.5254,-196.514,-184.9081,-182.4709,-185.2479,-178.6922,-186.0111,-173.7366,-172.8178,-185.253,-183.263,-173.248
9.85,-162.4107,-159.4163,-171.2141,-160.1218,-162.5553,-173.2286,-167.53,-173.0798,-179.7844,-171.1367,-178.9521,-172.5842,-190.6064
9.9,-110.1736,-131.0676,-126.6817,-134.8247,-136.5912,-123.4056,-144.7709,-147.0738,-151.4231,-148.2508,-140.6733,-163.9655,-149.1135
9.95,-63.3134,-65.7956,-76.6111,-74.5692,-91.9479,-94.6204,-99.9406,-91.8536,-109.1383,-110.8951,-103.0905,-112.4594,-123.9359
10,-1.9636,-13.863,-20.2028,-25.1623,-29.4536,-43.9495,-39.2591,-70.3867,-55.0394,-64.7855,-60.4084,-71.0474,-63.1105
10.05,58.7091,53.6857,42.8298,33.9698,22.0712,27.5693,18.2445,8.4906,2.0753,4.9292,-12.0791,-14.8014,-17.6061
10.1,107.4488,97.6327,96.6837,88.7126,76.1417,74.6469,73.1791,65.6907,72.1274,62.5477,62.3083,46.9253,42.0631
10.15,157.9814,154.1483,141.0324,138.7676,136.3895,118.8307,131.0206,117.3049,101.3082,103.7217,102.456,100.2006,83.1301
10.2,186.6717,182.068,188.2027,170.9978,164.1085,155.3938,155.0701,146.0927,150.1215,138.1553,146.1362,134.1678,146.3802
10.25,204.015,197.78,196.8141,180.0528,181.8338,189.3188,173.3405,173.6466,163.563,167.9885,168.2644,172.8933,174.8399
10.3,190.6485,182.6502,189.2249,191.1664,186.5798,184.9665,173.211,176.8302,188.1576,174.8028,174.618,181.9208,181.4747
10.35,170.5596,174.7737,168.2727,164.3496,175.4789,177.606,178.1863,182.4791,173.4576,185.3324,176.7751,184.1939,177.1082
10.4,127.0921,123.7181,120.5731,132.4995,125.9112,123.6671,139.819,147.1695,147.0231,151.2577,143.5111,152.6621,152.4461
10.45,64.9591,68.4479,80.6177,79.7908,84.3793,85.635,103.3781,97.4341,104.4862,98.3351,117.7915,117.0215,114.6683
10.5,15.0271,3.6058,17.831,27.3899,35.4499,33.1622,48.4313,47.0123,50.0984,49.7589,53.0724,67.3721,81.5238
10.55,-56.7184,-50.6822,-40.8945,-34.3927,-19.4783,-33.346,-14.3039,-8.4935,-6.2051,-5.151,15.3092,0.6842,23.5941
10.6,-107.7311,-110.61,-87.6614,-95.0689,-89.8707,-78.4568,-69.9432,-63.12,-54.2704,-67.7476,-39.6311,-37.5306,-42.3414
10.65,-152.1121,-151.4852,-141.4949,-134.6969,-139.0009,-119.4794,-121.5817,-112.3683,-102.6422,-88.94,-92.8427,-93.9479,-95.0955
10.7,-194.0787,-177.0368,-173.0635,-177.1035,-180.7865,-168.5647,-154.8702,-151.4293,-143.0168,-149.7117,-146.3781,-132.5372,-134.5039
10.75,-196.8299,-189.4788,-195.9036,-181.0891,-187.9903,-183.181,-180.6528,-184.6135,-178.9932,-179.2904,-170.2022,-183.7539,-162.066
10.8,-192.3686,-182.0018,-187.8865,-176.7771,-184.6487,-181.4767,-174.5811,-180.2047,-183.7812,-185.0791,-172.0524,-188.4421,-167.2136
10.85,-167.1829,-167.0314,-170.3188,-160.5777,-166.1821,-181.413,-171.4892,-167.2836,-182.512,-172.2024,-176.3435,-181.0041,-175.9666
10.9,-129.1556,-123.9206,-122.5539,-123.468,-126.7378,-121.9769,-126.1697,-132.8955,-136.2547,-147.6295,-139.0418,-158.8733,-155.4399
10.95,-66.7619,-71.1305,-76.6951,-84.0139,-89.3467,-92.9583,-96.5404,-93.4899,-96.2205,-99.5893,-105.1911,-116.9836,-113.807
11,-11.0521,-16.7378,-30.2988,-34.3998,-32.4012,-38.2658,-30.0722,-52.9363,-54.006,-59.3383,-56.7238,-58.324,-78.9935
11.05,51.3378,42.5288,47.6936,32.7033,27.9966,16.2585,8.7141,18.9798,-4.5861,2.7331,-10.0894,-5.5401,-15.3326
11.1,106.7215,106.1153,88.246,97.2907,81.6494,74.5356,68.5902,53.0159,72.3433,50.2099,53.0802,32.0279,30.2011
11.15,155.2743,156.1156,146.5188,141.4853,128.2622,131.2117,123.3142,117.7225,104.0593,95.4099,119.3809,92.0546,87.3943
11.2,175.6893,165.5663,178.5662,169.5944,163.1178,167.1942,156.3054,152.8725,150.1614,140.3858,134.614,141.912,131.5501
11.25,199.3282,189.5762,188.5276,182.545,195.3676,176.207,181.5248,163.1246,170.708,172.8653,167.0658,173.3728,157.5005
11.3,178.5698,185.4617,199.5459,193.2226,185.7858,189.5155,178.8734,184.6293,169.2341,175.6732,186.3527,184.5755,178.9701
11.35,158.8548,164.6284,158.606,170.0074,164.6646,179.4814,169.3087,173.5821,173.8576,176.2813,164.9961,177.1913,174.7552
11.4,119.7109,130.3791,136.5587,128.8338,139.1511,138.2516,132.813,144.2355,143.1001,138.8375,143.1265,155.9774,139.785
11.45,55.045,61.3331,72.6113,76.9152,88.4261,92.5817,104.6601,90.7789,92.4661,102.9154,103.5487,103.9121,114.3629
11.5,13.2104,13.7634,21.5277,28.834,31.0002,28.4992,27.0041,41.2827,54.0462,58.7042,59.3521,58.906,62.7654
11.55,-55.489,-36.7443,-34.1778,-34.671,-25.9252,-27.5059,-7.5936,-4.1684,0.7497,-2.7869,10.5678,28.1372,12.7739
11.6,-116.5512,-99.3932,-100.1839,-93.9797,-87.1321,-89.7473,-64.8845,-62.5733,-59.3996,-49.6935,-53.8763,-41.2597,-40.6116
11.65,-148.7797,-140.0125,-148.2444,-139.7072,-130.0051,-147.2864,-122.3008,-110.4765,-117.729,-99.2703,-94.2215,-74.5907,-90.0059
11.7,-174.4666,-188.5137,-177.2252,-158.2285,-176.5823,-164.8384,-154.2825,-144.5323,-150.183,-137.7085,-149.5337,-144.9439,-129.8042
11.75,-200.8378,-191.2007,-191.6994,-187.5739,-190.6402,-187.3259,-180.2895,-178.8263,-170.5085,-177.3859,-166.6273,-168.4047,-158.3243
11.8,-193.0131,-188.4273,-184.8985,-184.1783,-190.8614,-176.6496,-192.0643,-185.9169,-187.1548,-174.1296,-175.408,-190.0197,-182.8287
11.85,-165.4032,-156.5327,-174.9143,-164.8221,-168.9081,-159.1363,-167.2671,-169.3007,-172.1686,-165.8022,-170.8946,-162.2777,-164.4828
11.9,-131.1838,-130.2971,-124.1593,-118.6475,-130.1874,-135.868,-144.1648,-146.2541,-137.0926,-149.8966,-143.8621,-159.2309,-162.8858
11.95,-60.5494,-82.7069,-77.8527,-85.9748,-87.5131,-87.2159,-100.2757,-93.2349,-102.1008,-104.2002,-123.9493,-109.6352,-103.8808
12,7.5307,-18.057,-21.6142,-20.1955,-37.4574,-35.6645,-35.6267,-42.9811,-55.1618,-64.5999,-63.593,-75.898,-80.3166
12.05,56.0219,55.2388,28.9819,41.3722,38.2512,28.8342,15.3623,-8.1014,11.4026,0.2902,2.1686,4.6988,-14.5868
12.1,111.8931,100.2885,94.7746,89.1317,71.7016,79.5932,73.7646,59.8571,50.276,59.9083,47.5594,36.1362,49.6782
12.15,155.0896,152.4542,141.7489,144.152,132.4928,122.3741,124.0258,113.1419,96.9269,101.0398,113.1262,89.8187,86.8987
12.2,182.4073,177.1581,171.0076,170.3029,157.3052,158.7648,165.7461,156.8055,149.7938,147.5521,132.4965,131.2422,131.4092
12.25,194.8162,192.061,192.4191,188.6123,199.1666,186.2486,162.8296,175.1349,180.9866,165.1172,170.7808,164.3171,154.5097
12.3,186.2604,185.0218,182.6752,192.545,178.709,194.8481,203.3542,182.1438,189.448,179.1956,171.3145,181.7098,169.3993
12.35,166.8979,170.551,152.8723,160.4325,161.5199,166.6642,173.1665,176.6881,177.1823,168.9465,179.2141,166.1687,172.7557
12.4,102.4236,131.149,124.8009,126.9235,140.2033,138.6021,138.4351,134.1805,145.79,147.1514,151.5706,149.5504,150.3422
12.45,64.5241,76.5738,83.1995,86.5751,99.5167,93.4451,100.2744,92.3731,92.7624,112.9696,123.8486,113.0419,123.2467
12.5,-4.1568,11.4027,15.6364,22.4166,32.7209,38.642,44.8902,52.6526,50.9817,58.1089,57.5287,78.9327,67.1323
12.55,-58.6877,-40.1145,-38.5583,-25.9983,-29.4381,-22.1597,-12.8732,-14.0474,-15.7032,-5.6752,8.8108,13.5836,19.5884
12.6,-104.1084,-106.5818,-94.6852,-107.724,-92.0091,-80.8979,-83.9202,-67.3746,-61.8312,-55.8483,-45.2,-38.8071,-37.8033
12.65,-152.4235,-142.0044,-143.4018,-127.7964,-134.2783,-130.9847,-135.1306,-119.6058,-100.1402,-109.9549,-99.5536,-96.7961,-91.9276
12.7,-200.6279,-193.8857,-175.6908,-172.9694,-162.0991,-167.4056,-172.2689,-161.3831,-159.7188,-143.1871,-142.3211,-136.8138,-141.2547
12.75,-198.0658,-188.6453,-196.6179,-188.7215,-189.0075,-169.5215,-184.4496,-174.4827,-182.6311,-169.1676,-159.9954,-180.5372,-161.2942
12.8,-183.2771,-181.4293,-195.151,-198.8554,-187.9141,-183.3844,-192.8601,-196.0572,-182.8023,-187.8752,-175.5838,-188.8661,-174.1251
12.85,-160.4379,-157.9816,-170.9609,-173.8218,-168.4463,-171.4418,-170.3009,-170.2604,-172.2235,-165.2421,-171.2866,-171.9729,-163.7532
12.9,-118.9151,-128.2444,-123.5302,-127.6931,-123.3745,-138.7764,-151.3244,-147.7631,-148.1669,-154.4645,-140.5306,-153.7069,-162.6737
12.95,-73.4752,-77.9296,-80.6894,-84.6084,-80.6086,-79.9499,-102.5225,-83.5183,-96.569,-105.7217,-114.8745,-118.3402,-123.647
13,-4.5578,-15.9867,-19.3949,-41.8332,-36.7034,-32.2485,-47.0694,-50.8064,-44.5708,-54.6149,-61.1221,-64.5259,-84.6633
13.05,50.6284,48.9543,50.2391,30.4776,28.1006,15.5976,18.6967,9.0225,1.3612,-0.37,-4.447,-4.7323,-18.8127
13.1,105.4559,101.3583,88.0199,103.0777,75.1278,80.0114,67.9488,73.9933,65.9981,50.7929,43.0422,30.5647,45.503
13.15,161.9429,157.5806,149.8028,137.9011,134.3102,124.4246,120.0016,121.3159,105.0454,89.8856,96.8637,87.4271,89.3549
13.2,189.6046,173.3673,172.6911,184.1246,163.7973,182.295,153.7892,159.6879,153.1821,152.5469,132.2477,132.6522,135.7884
13.25,197.084,199.3751,195.187,187.7976,197.7517,176.6236,175.711,178.8498,169.6894,176.7645,177.6411,164.4492,168.0548
13.3,180.6777,188.7628,191.2136,190.7703,197.0922,194.9089,192.3372,183.6776,176.8857,186.5542,179.331,181.2256,178.2604
13.35,165.793,158.1579,168.2333,169.824,166.6445,162.5384,171.2413,178.2533,182.1238,181.3228,172.5506,174.8645,185.6498
13.4,126.3886,122.5428,121.1103,120.1177,136.4306,140.6718,133.6792,145.4807,142.1314,152.2295,153.5081,149.2165,160.0578
13.45,62.3712,69.388,71.7653,82.0857,94.9988,90.2122,98.9424,112.766,108.4246,116.8619,104.5909,109.1418,121.2245
13.5,7.5104,2.7767,22.4967,29.6167,36.1547,38.681,48.8262,57.0546,44.9828,55.01,59.644,87.5685,62.2429
13.55,-47.4728,-53.0508,-33.5914,-38.5147,-31.8696,-26.6009,-6.6776,-1.001,5.9386,14.0179,-0.5052,13.4021,13.0282
13.6,-114.7269,-106.3574,-96.2033,-96.3311,-78.5007,-82.3567,-75.1683,-67.0203,-60.4489,-46.7326,-43.9677,-45.4814,-26.7108
13.65,-162.7443,-152.9458,-138.4293,-138.44,-125.3684,-113.4708,-125.8409,-121.1166,-113.1214,-95.1387,-100.3602,-109.0238,-78.7477
13.7,-180.7436,-181.5802,-183.3776,-174.715,-178.5209,-158.2242,-158.5164,-139.2914,-158.6946,-135.4191,-149.8425,-124.8093,-142.2556
13.75,-194.5151,-197.402,-191.5502,-190.4105,-193.3182,-166.764,-187.8406,-181.1701,-164.6172,-163.3584,-174.0048,-168.038,-155.6621
13.8,-198.5296,-194.1891,-190.3228,-184.7351,-183.5913,-179.9878,-184.1081,-172.4266,-185.7495,-179.5576,-187.0863,-185.3998,-168.8514
13.85,-165.0068,-162.8048,-168.4432,-163.0211,-171.8706,-181.0737,-172.2099,-175.7026,-167.2307,-179.701,-171.7695,-167.035,-167.7779
13.9,-121.005,-131.3818,-122.995,-119.1723,-141.4261,-135.7575,-139.087,-133.8061,-142.9287,-145.2438,-136.7734,-171.8688,-162.3861
13.95,-69.8597,-70.4682,-84.765,-87.601,-82.5851,-109.3671,-104.0646,-104.4468,-98.9328,-111.8387,-108.7082,-116.2111,-119.0542
14,-14.1025,-17.4544,-25.2441,-35.4864,-23.8519,-42.4109,-43.5651,-42.8018,-44.6544,-53.8229,-46.8045,-61.462,-79.9722
14.05,60.398,48.8425,35.7341,28.6435,31.0015,32.7086,3.7838,4.0978,18.885,-3.7278,-16.1389,-3.8442,-29.1358
14.1,114.9637,108.0839,92.686,88.4318,90.46,77.9926,72.9699,62.1677,54.37,59.9143,58.3764,25.5516,45.5013
14.15,147.0237,147.2959,137.8081,136.4474,146.8139,114.1103,116.5649,102.772,97.933,105.0774,99.0155,94.7951,109.1003
14.2,184.2218,187.9756,155.9354,174.5033,172.232,162.3123,158.3105,153.3843,156.0349,141.6686,148.541,122.074,133.8913
14.25,187.7105,197.295,189.1502,197.6368,173.7009,190.8977,180.6057,168.1416,168.3603,176.0864,176.9372,162.4945,168.276
14.3,180.1466,184.5179,180.04,200.7526,184.5317,179.3978,188.4043,187.9782,177.962,177.9499,176.19,179.6304,181.5573
14.35,159.445,167.5938,155.3862,163.9949,165.5432,176.8792,183.6508,161.1645,172.3865,175.5922,184.1407,184.3603,172.11
14.4,126.6192,116.3579,138.6696,140.9123,122.4663,147.9467,150.5406,149.0948,138.7043,144.3697,151.9585,162.4025,148.318
14.45,64.4011,65.2107,89.3543,86.7769,86.0532,93.0362,102.6332,95.6499,95.1039,102.2174,104.3985,116.1009,122.5168
14.5,6.7858,18.1537,21.328,22.0855,35.5186,42.484,55.1213,49.7551,51.3864,69.7217,74.1121,56.2155,63.5055
14.55,-47.0317,-53.2433,-51.4555,-27.1512,-26.8467,-16.0391,-14.6656,-6.9124,-3.2744,-7.3763,2.3086,25.9848,21.6347
14.6,-107.5309,-104.0413,-92.3573,-81.3344,-86.4818,-74.4559,-78.9085,-69.6067,-49.0259,-52.4879,-56.3906,-56.9509,-35.6599
14.65,-159.9109,-152.7012,-132.1246,-137.6596,-132.1419,-128.8207,-120.7048,-125.902,-102.5776,-104.167,-102.0491,-81.884,-90.1156
14.7,-190.0133,-170.2007,-175.9823,-167.2455,-167.8634,-160.5834,-151.612,-159.8771,-149.8861,-146.6376,-139.4035,-130.0178,-129.5576
14.75,-207.1913,-192.8474,-194.3103,-190.7501,-199.9437,-191.8999,-178.074,-173.207,-163.7232,-171.8803,-163.9242,-163.562,-161.6239
14.8,-180.3206,-189.2242,-193.6843,-187.6242,-179.2453,-199.2557,-187.6551,-177.0486,-187.0456,-180.7518,-178.3708,-183.9578,-172.0313
14.85,-164.9788,-165.5479,-165.7255,-174.2479,-155.512,-166.3019,-184.838,-175.9884,-170.6555,-161.9957,-170.6025,-185.55,-179.6278
14.9,-118.9075,-128.5409,-133.6476,-134.2618,-132.5509,-128.3076,-137.4978,-129.2755,-153.6766,-147.7971,-142.6592,-143.8345,-141.3153
14.95,-67.4064,-86.4868,-76.2412,-82.0659,-84.4718,-86.9107,-91.2413,-97.7305,-97.0163,-115.6868,-111.2396,-110.8084,-110.2762
15,4.232,-7.3699,-20.8454,-27.0414,-42.4018,-47.3964,-47.3085,-50.4163,-57.6378,-63.9507,-52.7543,-65.2126,-72.2551
15.05,63.7637,51.0318,57.2344,29.061,27.8788,33.202,14.1475,21.0653,7.3381,-7.6321,-1.5851,-1.753,-19.8181
15.1,96.4493,103.8129,95.9808,90.4905,98.7319,74.83,66.6874,68.2431,63.1675,53.6006,54.346,28.2674,26.7585
15.15,153.2218,154.4064,147.841,142.5467,135.141,140.2067,117.9928,102.7257,111.5515,103.0005,104.2619,88.1354,78.069
15.2,185.8656,182.6836,178.8551,162.9914,156.9152,154.3125,151.6374,149.7003,141.0984,144.6809,134.2137,143.1742,140.8285
15.25,200.1808,196.1907,188.743,193.9157,177.7311,183.5671,181.7614,186.2071,167.2905,168.1484,172.3968,162.8878,162.857
15.3,186.8969,186.2218,185.3497,177.3753,178.2746,185.6287,196.623,172.9213,188.5776,179.7315,174.3599,188.6839,176.8129
15.35,168.4454,159.8033,171.4925,160.6402,186.9411,172.5158,169.3431,173.0062,166.1056,177.4953,171.5054,171.7294,174.6611
15.4,119.3971,129.2021,132.0344,130.1915,135.7557,137.8771,143.2954,164.5126,154.2218,157.8904,149.9041,144.9431,156.8955
15.45,69.2431,61.3002,73.3203,79.4652,91.9604,83.0299,77.4871,90.7075,105.3093,107.7287,96.1025,118.5163,119.0821
15.5,15.8289,5.2168,18.3562,16.3688,46.367,45.7996,49.1815,45.0704,63.1617,47.8084,67.4768,69.2336,61.9583
15.55,-53.6268,-54.3855,-36.0938,-31.5403,-20.9554,-21.5215,-17.3133,-16.4859,-1.4415,6.553,-0.2718,17.4099,32.8324
15.6,-115.9061,-95.8159,-101.0827,-78.4659,-79.4454,-84.0079,-71.1441,-71.0442,-63.1779,-57.1723,-45.7185,-50.1893,-46.9843
15.65,-157.3861,-147.6555,-136.2895,-144.3535,-140.723,-125.2825,-128.6264,-110.7481,-101.7411,-113.5705,-98.336,-98.5626,-93.4199
15.7,-183.1546,-179.1933,-173.3054,-172.8666,-162.7811,-165.8624,-152.9906,-156.3558,-150.6837,-156.3857,-138.5644,-139.7325,-138.3111
15.75,-199.5148,-199.0124,-193.9107,-188.5418,-185.0351,-183.445,-178.4746,-173.8284,-177.2324,-173.2533,-182.7952,-172.5448,-165.0437
15.8,-186.3297,-187.4189,-184.1932,-183.7068,-180.381,-168.63,-177.841,-185.8943,-170.9163,-172.7921,-184.5004,-173.808,-175.1596
15.85,-148.1094,-171.8611,-166.1188,-163.8607,-175.0461,-148.1167,-165.521,-177.3025,-173.2672,-176.3403,-167.7974,-166.2726,-181.8719
15.9,-117.6935,-121.7502,-133.3111,-126.5691,-122.6266,-128.5385,-145.1104,-142.4487,-137.9092,-149.878,-141.9167,-151.808,-157.1407
15.95,-75.9686,-64.4951,-69.8767,-67.8067,-95.8571,-98.6998,-92.8913,-111.2756,-101.3011,-110.6651,-110.9459,-118.8335,-128.484
16,-3.3826,-5.3427,-26.3808,-32.2987,-34.1917,-38.4199,-40.1553,-62.4546,-55.3092,-50.3974,-58.6248,-73.7436,-67.1614
16.05,74.3578,33.5534,44.9721,28.0058,29.3192,17.5012,10.4769,13.9605,5.5187,7.4155,-1.953,-7.9317,-30.6318
16.1,111.8608,98.3669,95.3483,86.4914,85.9086,87.4665,69.6459,61.9211,56.5771,67.8533,31.4659,31.5178,29.1299
16.15,161.576,150.5078,154.0091,135.6759,132.5588,128.5304,107.108,112.1288,108.7555,110.0046,98.1553,85.4722,79.6865
16.2,180.3988,184.3284,166.9908,175.0704,163.8982,160.7963,151.9865,165.1847,152.0744,137.0896,160.2832,137.5341,145.8897
16.25,188.8321,170.8733,195.6228,191.516,184.2652,177.1003,191.613,184.9328,167.6507,166.9436,168.3704,168.6736,161.5106
16.3,190.0904,181.4401,193.616,189.9394,184.8359,189.5161,177.8528,163.8162,191.1245,160.0849,186.0476,182.5201,185.1526
16.35,155.4752,157.4403,165.3254,168.4195,165.0975,162.7743,156.2538,174.966,178.3639,162.4236,171.5207,195.5281,180.3454
16.4,124.3405,127.431,125.641,137.5715,135.5017,134.3091,141.9463,145.9577,136.8279,140.808,141.3004,143.8746,148.5923
16.45,63.3698,75.8169,73.5727,76.0309,84.4381,95.3997,109.8482,100.8579,115.9569,103.819,118.1166,111.8511,131.2743
16.5,3.6847,9.7512,15.8744,16.2533,34.6742,35.2101,34.1121,36.9293,61.8477,56.557,57.538,63.639,68.9066
16.55,-57.2465,-43.1191,-52.1744,-35.2845,-34.9421,-27.3641,-21.7899,-5.7658,-2.1306,12.1356,-3.6198,0.8331,0.5392
16.6,-110.2584,-110.7182,-99.9419,-91.5882,-82.9399,-74.5181,-62.2398,-64.2289,-67.8364,-56.1557,-62.8964,-41.1841,-19.7371
16.65,-152.3789,-154.9594,-140.3179,-146.9503,-123.0277,-129.5389,-132.2762,-118.7546,-105.5922,-89.9862,-97.2889,-88.3671,-89.3942
16.7,-182.0668,-180.2062,-173.8062,-165.4163,-159.835,-150.8937,-148.4469,-151.5254,-139.8649,-147.0551,-149.2039,-136.5021,-125.4528
16.75,-194.8472,-183.4949,-186.6526,-196.4084,-176.3336,-174.5619,-186.4876,-186.5532,-165.8483,-177.4565,-162.6294,-152.0861,-155.6871
16.8,-191.8973,-194.5895,-182.0842,-194.8611,-179.942,-191.2314,-178.4602,-185.6156,-168.2147,-172.8852,-188.2524,-162.3947,-162.2183
16.85,-163.9722,-168.2589,-170.2573,-156.4088,-158.6565,-174.972,-173.5313,-179.2849,-168.4673,-183.4499,-186.2727,-169.521,-177.9665
16.9,-120.5107,-121.9881,-136.8235,-127.0088,-121.064,-133.2354,-131.1811,-135.7587,-143.9735,-144.0843,-150.0838,-150.3053,-152.3249
16.95,-73.1749,-63.7859,-80.7867,-70.0854,-86.0433,-82.3022,-105.4615,-99.6874,-105.0776,-119.227,-100.8321,-107.1868,-118.4467
17,5.2251,-11.71,-24.5449,-21.2446,-23.0663,-38.4223,-40.1401,-35.5887,-53.3323,-58.09,-77.2551,-70.653,-67.4261
17.05,58.7794,51.4539,50.0175,30.8936,20.2453,26.0584,1.3041,4.6876,14.8903,-1.9762,-16.0051,-23.6543,-11.8741
17.1,105.3963,104.12,103.0587,97.4984,76.6499,77.0895,68.4442,61.8423,56.7826,37.6109,45.1394,49.3091,49.8918
17.15,148.2229,147.5397,132.9831,139.9285,138.822,128.1751,115.6067,112.343,115.448,99.7289,114.3298,100.2777,91.7518
17.2,182.3938,192.067,176.0218,178.421,174.079,165.8984,156.8214,151.6416,142.6619,150.9768,149.1865,137.2816,140.3286
17.25,202.9367,186.7668,198.3626,189.22,180.7986,184.3448,175.5057,179.8716,164.7959,181.7324,165.3372,163.9977,163.1097
17.3,191.3609,190.7259,198.8057,184.4782,184.2911,174.2684,183.3896,185.9038,181.7788,173.4772,172.1472,176.869,189.9802
17.35,158.968,167.2041,171.1636,166.0551,164.838,173.0293,175.4693,168.0759,171.6932,176.5818,170.4382,177.3856,164.6211
17.4,118.3822,125.4642,128.2471,130.1238,138.6422,140.004,128.2786,133.0734,171.442,153.9222,165.2537,162.9551,159.2376
17.45,72.2845,59.9938,69.2007,73.2748,85.7542,84.9322,98.4244,93.2826,104.2056,111.1586,117.9818,120.9736,116.2066
17.5,4.4999,19.8185,3.1918,16.1408,23.1085,22.0301,33.9799,46.267,63.007,62.564,57.9413,69.2123,74.7165
17.55,-61.506,-43.2151,-35.835,-37.8687,-30.2625,-6.9984,-17.3988,-0.5541,3.5673,-5.2628,15.3118,23.1716,23.6686
17.6,-121.4346,-104.9787,-91.0531,-84.5356,-70.5039,-78.8561,-82.3145,-72.7159,-58.3502,-71.6865,-51.5674,-38.9326,-42.8521
17.65,-159.3438,-147.9007,-144.2827,-145.442,-135.2405,-130.8719,-131.5964,-110.7694,-111.2698,-101.9051,-106.5365,-99.0723,-95.9226
17.7,-192.8466,-176.7143,-165.0631,-166.8189,-173.0632,-154.684,-171.5423,-152.898,-162.2584,-152.284,-140.4752,-152.8009,-143.1352
17.75,-203.2222,-195.9905,-201.4858,-190.6168,-182.4887,-186.4586,-179.1829,-181.1772,-172.6408,-175.4158,-164.3779,-158.5729,-156.412
17.8,-192.6262,-189.2508,-181.7747,-189.1672,-186.8687,-186.6013,-171.1537,-187.5092,-183.766,-188.5112,-172.1435,-192.4816,-174.7321
17.85,-163.6693,-173.9176,-168.1546,-167.036,-156.8939,-181.955,-168.7855,-161.9559,-168.091,-169.4049,-166.3502,-181.5353,-188.1326
17.9,-119.8592,-128.6228,-122.9083,-123.1399,-126.646,-133.9395,-135.0505,-138.1919,-144.9876,-147.8542,-134.2313,-138.7453,-161.7881
17.95,-76.1553,-75.836,-72.3059,-78.0928,-86.869,-97.8665,-99.0927,-98.1704,-94.6012,-101.1663,-117.9653,-110.7351,-114.8686
18,0.4385,-12.037,-18.6695,-24.204,-32.7627,-31.2425,-31.184,-49.3584,-45.292,-54.9179,-64.0401,-54.6268,-59.1191
18.05,48.5052,45.6746,44.2292,33.1508,28.3013,9.8443,29.0479,10.3184,9.7849,-10.1757,3.7092,-18.7193,-17.4176
18.1,111.9541,99.6039,97.2059,94.2493,89.1546,71.2085,75.6621,69.511,60.3289,58.2057,44.4517,39.5172,36.1544
18.15,156.2579,146.7569,139.0643,137.2537,132.0528,127.3994,114.9473,116.9813,110.2906,101.1284,109.3944,109.4375,91.053
18.2,178.2764,177.5386,174.6226,168.6537,171.6446,177.1851,164.4459,154.8582,160.3138,132.4266,139.2505,125.7555,126.8803
18.25,206.6477,204.2109,191.3362,191.6882,190.8421,183.3914,179.1492,176.1273,164.6111,173.8686,170.1377,184.0443,158.8673
18.3,191.1238,186.1306,175.9105,177.264,189.08,180.2408,172.8267,177.053,188.2463,182.8608,177.1455,168.6604,165.826
18.35,154.8818,166.8789,173.5327,180.2695,177.4113,180.833,166.107,171.9928,169.4508,169.43,177.7762,175.8158,177.0493
18.4,122.3045,119.4468,129.0129,119.6653,133.6594,142.8539,135.7035,135.4881,144.2259,154.6913,155.0827,153.9259,138.2734
18.45,62.9715,68.4212,77.8969,76.1249,87.5805,87.6562,92.5854,103.1131,101.6143,111.443,107.5123,133.4429,110.874
18.5,11.0867,16.1899,19.6291,21.2978,35.7374,33.2704,49.0279,51.0627,49.1073,58.3859,59.6675,83.4473,67.0956
18.55,-53.3815,-52.8844,-25.6468,-30.6143,-30.1192,-22.0551,-9.0832,-7.1662,-12.5443,2.7536,14.1229,19.831,6.3893
18.6,-121.4899,-96.766,-101.6137,-86.2099,-76.5929,-78.6693,-76.6035,-59.7383,-64.6954,-44.3588,-57.1339,-44.5011,-43.7076
18.65,-153.7507,-137.6988,-149.3563,-130.3287,-128.2785,-113.8569,-119.2608,-110.8468,-104.8812,-103.9714,-101.0649,-79.3478,-85.1201
18.7,-189.9487,-185.5806,-180.7172,-181.6558,-165.7063,-164.3022,-160.3401,-142.2172,-153.1053,-148.9319,-146.3106,-140.2458,-130.7606
18.75,-195.1561,-191.2951,-199.5178,-196.4523,-187.2757,-189.1691,-174.1208,-168.8158,-176.8876,-161.3001,-161.7169,-158.7081,-155.4312
18.8,-183.3704,-195.8664,-198.0457,-185.2355,-176.1214,-176.8981,-185.0075,-187.8878,-184.2594,-184.373,-173.1497,-183.0035,-168.3574
18.85,-164.1128,-166.2177,-157.9383,-161.6883,-170.2588,-173.7013,-159.9588,-163.5849,-158.3159,-163.379,-184.8542,-170.0682,-167.9133
18.9,-123.6926,-126.1603,-126.9103,-124.7235,-139.0235,-134.2204,-141.3515,-139.19,-142.1613,-157.6637,-134.2221,-153.5937,-162.1209
18.95,-75.4959,-62.0508,-80.2543,-80.1792,-83.1492,-94.6729,-86.3263,-106.0945,-100.4079,-110.3713,-112.2847,-118.3331,-112.2023
19,-7.4227,-19.7574,-7.4472,-37.4915,-31.4376,-40.7365,-49.2022,-39.8597,-58.26,-63.3539,-51.7849,-69.5724,-71.7994
19.05,56.2676,53.3858,36.1107,22.9886,30.2568,29.4921,23.3815,2.9946,9.1537,1.3384,-12.1906,-12.9599,-19.8526
19.1,117.9546,104.1787,91.917,88.353,82.4433,76.2791,63.5614,66.5414,67.0177,54.0558,55.9336,34.8828,48.3788
19.15,148.3122,143.2184,136.4807,137.9791,130.1381,134.6082,128.7093,106.2253,86.5106,101.131,98.6901,102.4988,86.4626
19.2,176.0105,185.3166,178.516,179.8007,158.0588,161.9572,162.5164,156.3193,146.8312,145.1631,150.7237,157.0904,128.8898
19.25,194.655,202.3801,186.0225,189.4501,184.385,183.2938,189.0618,176.4297,171.3347,171.991,182.5029,180.311,163.7709
19.3,180.9255,186.6152,191.6846,191.4201,178.4268,186.5083,184.9131,188.3465,187.3829,178.8689,176.2752,179.7919,176.7702
19.35,158.1343,162.1453,180.8779,161.8375,170.4586,169.424,178.1209,171.9086,170.392,175.7848,170.208,182.1668,161.9539
19.4,115.3132,128.6151,138.1888,135.1892,131.9339,149.1043,124.0667,140.3502,148.4461,155.7785,145.9001,154.4364,158.302
19.45,64.1617,79.3844,91.7893,74.085,82.1607,96.0538,88.1611,105.7951,104.2614,92.8864,101.0471,118.0536,108.573
19.5,3.9171,10.6538,18.7841,12.94,21.4094,37.4555,47.3668,53.8658,57.8946,52.5459,70.6934,73.1446,60.5411
19.55,-43.4583,-49.825,-31.0245,-41.543,-29.2211,-25.0167,-9.0175,-10.2397,8.2913,9.1453,3.7889,12.9528,20.7302
19.6,-121.7596,-97.0071,-104.5908,-83.3553,-91.9508,-82.6455,-80.3983,-69.1907,-59.1632,-58.3109,-52.0811,-41.8537,-42.88
19.65,-156.3261,-150.5466,-144.369,-138.5448,-129.1882,-124.0594,-117.7654,-123.0984,-113.6922,-100.3645,-97.0899,-84.6578,-83.5897
19.7,-185.8715,-179.4995,-164.6747,-155.7351,-165.5309,-163.911,-156.75,-173.5087,-143.5443,-145.9922,-134.2846,-135.8527,-119.1246
19.75,-199.9228,-192.4972,-190.8028,-186.5603,-176.711,-183.9453,-169.8081,-171.1143,-179.8309,-180.3319,-172.0849,-154.2351,-154.7201
19.8,-183.2447,-175.8766,-188.6078,-185.7573,-192.3463,-183.0263,-182.4059,-195.0007,-194.8887,-168.6111,-188.0962,-177.0451,-185.9295
19.85,-160.4822,-155.2689,-155.6641,-162.7497,-173.0868,-174.214,-177.253,-172.9593,-159.3576,-175.6699,-178.7335,-174.6229,-164.366
19.9,-111.789,-122.8905,-134.4045,-121.7238,-130.3706,-141.1537,-140.0481,-145.6417,-150.5116,-146.9644,-148.9873,-145.985,-149.7081
19.95,-67.8196,-79.623,-74.2461,-87.379,-87.9108,-83.1971,-88.8289,-101.469,-101.5784,-110.9234,-113.3994,-96.9728,-133.4315
