Coord,Visc,Shearrate
65.07651718365793,474.73130798339844,13.188978569930677
64.3218937389208,474.76017840206623,13.361233398691505
63.567518353063925,474.77424709241313,13.292395700279375
62.81339996348879,474.7811028311662,12.852756293916237
62.0595479388894,474.7844436647968,12.189768030670681
61.305972105378174,472.8851254896523,11.575292014401382
60.55268277451879,470.0660518724393,11.1237688383343
59.79969077342792,470.5950466607445,10.840680255992762
59.04700747712536,468.9590313447935,10.851509374773913
58.294644843328385,468.1681840973367,10.979330593598949
65.07651718365793,475.9519805908203,10.208457654123277
64.3218937389208,475.35501788556576,10.341621820824377
63.567518353063925,475.06411516103253,10.362052852388082
62.81339996348879,474.922356899761,10.101426699308627
62.0595479388894,476.75449297537136,9.585682360213427
61.305972105378174,475.7460859323343,9.091442210844683
60.55268277451879,473.3518600667678,8.681800933321698
59.79969077342792,472.1898188019371,8.307926275845068
59.04700747712536,471.62582025836207,8.219585894939543
58.294644843328385,471.3520826839902,8.321739539566185
65.07651718365793,479.61399841308594,13.205295319513828
64.3218937389208,479.0499152392149,13.382297336092428
63.567518353063925,478.7739331394987,13.307264142915525
62.81339996348879,478.63890674110235,12.851396090321243
62.0595479388894,478.5728440207933,12.28373377553051
61.305972105378174,480.4488677172452,11.669613716726312
60.55268277451879,481.37039107595155,11.061817370011589
59.79969077342792,481.8230534289098,10.684031897171286
59.04700747712536,480.130712663949,10.647411263546793
58.294644843328385,481.2141098339515,10.776797898006185
65.07651718365793,477.1726531982422,13.227327292221425
64.3218937389208,475.9498573690653,13.406750168325614
63.567518353063925,475.35398322965193,13.343980013627332
62.81339996348879,475.06361096835576,12.899872396011126
62.0595479388894,476.82360263197876,12.327782918858817
61.305972105378174,479.5896212147317,11.685585485672956
60.55268277451879,480.9483197959083,11.04237919565626
59.79969077342792,479.70274240014646,10.631108128853413
59.04700747712536,479.09333392819667,10.56596283845772
58.294644843328385,478.79517607229155,10.695304683770972
65.07651718365793,472.2899627685547,13.288734995166593
64.3218937389208,471.67442528903484,13.468637832893025
63.567518353063925,471.3756732115726,13.402106858967915
62.81339996348879,471.23067342397616,12.95082607841889
62.0595479388894,473.05430277203527,12.367788021678557
61.305972105378174,475.8405328992087,11.72208300935458
60.55268277451879,477.2037177563511,11.08711027304498
59.79969077342792,475.9649952738469,10.683712871392876
59.04700747712536,475.36136000161093,10.62424736362782
58.294644843328385,475.06720570390996,10.754874948754646
65.07651718365793,473.51063537597656,13.258162201751272
64.3218937389208,474.1653389185667,13.43790721385106
63.567518353063925,472.5846420337184,13.385620449681518
62.81339996348879,471.8174483308184,12.935399197086388
62.0595479388894,471.4450896683758,12.335746529811681
61.305972105378174,473.1587888130074,11.707569156868294
60.55268277451879,473.9938824391511,11.114320036709211
59.79969077342792,474.4008274776723,10.73954122683103
59.04700747712536,472.6989367738312,10.694162435814283
58.294644843328385,473.769794384904,10.82791564725268
65.07651718365793,472.2899627685547,13.266279506328425
64.3218937389208,471.67442528903484,13.448255260882291
63.567518353063925,471.3756732115726,13.399082789792217
62.81339996348879,471.23067342397616,12.947349040822273
62.0595479388894,471.1602975505041,12.327502036017805
61.305972105378174,471.1261405103521,11.710619186176949
60.55268277451879,473.00336339322826,11.143750573556753
59.79969077342792,472.0206753969086,10.761225910527099
59.04700747712536,471.5437262424449,10.717359971444877
58.294644843328385,471.3122382250929,10.851673857032953
65.07651718365793,474.73130798339844,13.312313161271637
64.3218937389208,474.76017840206623,13.496110873517315
63.567518353063925,474.77424709241313,13.43426879986685
62.81339996348879,472.8801765673138,12.949529396706485
62.0595479388894,471.96088647847165,12.29961113420805
61.305972105378174,475.30557043526784,11.655962425273076
60.55268277451879,476.9419831914738,11.063114279583209
59.79969077342792,477.7426109169223,10.669957582668868
59.04700747712536,476.2276004370549,10.619189133095526
58.294644843328385,475.4893287286039,10.753024894430396
65.07651718365793,475.9519805908203,13.254058737001792
64.3218937389208,475.35501788556576,13.43869223115201
63.567518353063925,475.06411516103253,13.396443976202999
62.81339996348879,474.922356899761,12.91737214325259
62.0595479388894,474.8532774345515,12.2607044960006
61.305972105378174,476.72069530733427,11.646710968890698
60.55268277451879,477.63434409079537,11.072027136506923
59.79969077342792,478.0813538959849,10.672654656106154
59.04700747712536,476.3926714786098,10.618599604220194
58.294644843328385,477.4738558699058,10.751037811008375
65.07651718365793,472.2899627685547,13.338185003727212
64.3218937389208,471.67442528903484,13.523740482944584
63.567518353063925,471.3756732115726,13.474056828919458
62.81339996348879,471.23067342397616,12.975202499636302
62.0595479388894,471.1602975505041,12.283253578993378
61.305972105378174,473.0200082790054,11.647665765170968
60.55268277451879,475.82375405056814,11.070540575218104
59.79969077342792,475.292532491439,10.65684231010454
59.04700747712536,475.0336657355743,10.594334292041154
58.294644843328385,474.90751875200345,10.724978392817441
65.07651718365793,478.39332580566406,13.217582894578106
64.3218937389208,478.452691629529,13.40008160721673
63.567518353063925,476.5736260968115,13.359775120911644
62.81339996348879,477.56238933056886,12.884186944503659
62.0595479388894,476.1397776132362,12.221752566997608
61.305972105378174,477.35012557053847,11.613143264340197
60.55268277451879,479.84825504099695,11.05898278142159
59.79969077342792,479.16452712455026,10.66601720296233
59.04700747712536,478.83000789980434,10.606620311090099
58.294644843328385,478.66634175566594,10.737752010387023
65.07651718365793,474.73130798339844,13.343038485895205
64.3218937389208,474.76017840206623,13.527225673604333
63.567518353063925,472.8733483064716,13.474758321135486
62.81339996348879,473.8547859423138,12.947439046382451
62.0595479388894,472.43391466145505,12.214677806979646
61.305972105378174,475.53700316932515,11.587801470270014
60.55268277451879,477.0552134646796,11.05483814250908
59.79969077342792,477.7980097126997,10.681021849819505
59.04700747712536,476.2545965299191,10.640105382217586
58.294644843328385,475.5024840512008,10.771044063209606
65.07651718365793,471.0692901611328,13.271982773940767
64.3218937389208,471.0819699317217,13.452692133900584
63.567518353063925,471.08812407818914,13.406955584288479
62.81339996348879,469.1973841979528,12.919798000012525
62.0595479388894,470.1734374476391,12.255623755874721
61.305972105378174,472.5391067249726,11.654152860362124
60.55268277451879,473.691908452892,11.092054513473686
59.79969077342792,472.3548618174681,10.70871901294213
59.04700747712536,471.70592414382975,10.672921390417015
58.294644843328385,471.39096122996426,10.80284522974418
65.07651718365793,469.84861755371094,13.276412044396254
64.3218937389208,468.59820868074894,13.457663413026667
63.567518353063925,467.993762985323,13.430787417548508
62.81339996348879,467.70157488060045,12.946017145044317
62.0595479388894,469.4474440582602,12.261938942895924
61.305972105378174,470.29480439155793,11.677218080860518
60.55268277451879,470.70607205332453,11.122935071844045
59.79969077342792,470.9056814555686,10.724451037896001
59.04700747712536,471.00256219083747,10.685328204480157
58.294644843328385,469.15602371529735,10.814771234572476
65.07651718365793,468.62794494628906,13.34027031332281
64.3218937389208,468.00813744962215,13.52253784247856
63.567518353063925,467.7085234741826,13.481748383485138
62.81339996348879,467.56369054660195,12.959241899234334
62.0595479388894,469.38052168130974,12.234953709717164
61.305972105378174,472.1527151552477,11.648225183716546
60.55268277451879,471.6078119454669,11.087369735673326
59.79969077342792,471.3433423211885,10.683775878191994
59.04700747712536,471.21498157581124,10.660860004490221
58.294644843328385,471.15268148747873,10.787574328347809
65.07651718365793,469.84861755371094,13.267184362554817
64.3218937389208,470.48951457440853,13.445635895139915
63.567518353063925,468.90801729915256,13.400864387117341
62.81339996348879,468.14352398738333,12.914261497389962
62.0595479388894,471.5499203805706,12.220903588109081
61.305972105378174,473.2098733104539,11.640702932845642
60.55268277451879,472.12090530790584,11.098715884327401
59.79969077342792,471.5923729863566,10.709006069210886
59.04700747712536,471.335848998261,10.696792003355975
58.294644843328385,471.21134467982006,10.822012960636703
65.07651718365793,468.62794494628906,13.302064220425708
64.3218937389208,468.00813744962215,13.480045184177028
63.567518353063925,467.7085234741826,13.423856965396155
62.81339996348879,467.56369054660195,12.94697213293675
62.0595479388894,469.38052168130974,12.25836739085595
61.305972105378174,470.2623235113389,11.65100999883708
60.55268277451879,468.7981934942507,11.1263437946185
59.79969077342792,468.0904353316934,10.76188849859118
59.04700747712536,467.7483061417854,10.748624091755802
58.294644843328385,467.58292142596076,10.8756845497404
65.07651718365793,471.0692901611328,13.388983138395664
64.3218937389208,471.0819699317217,13.56688554502826
63.567518353063925,471.08812407818914,13.458916119985007
62.81339996348879,469.1973841979528,12.927208130944825
62.0595479388894,470.1734374476391,12.20123448369851
61.305972105378174,470.6471664174577,11.55328981212698
60.55268277451879,472.7699570725697,11.054937490524697
59.79969077342792,471.90739127447966,10.750487110496469
59.04700747712536,471.4887436166175,10.770534946290494
58.294644843328385,471.2855523217372,10.898280213291574
65.07651718365793,475.9519805908203,13.264926288693621
64.3218937389208,475.35501788556576,13.44099584217181
63.567518353063925,475.06411516103253,13.334109576189071
62.81339996348879,474.922356899761,12.817992638273523
62.0595479388894,474.8532774345515,12.147791350868332
61.305972105378174,474.81961468734494,11.5314307112317
60.55268277451879,474.80321067283705,11.032479993419551
59.79969077342792,472.8942340863281,10.763825232336252
59.04700747712536,473.86496368074,10.802507802762632
58.294644843328385,472.4388544427029,10.929935126436977
65.07651718365793,472.2899627685547,13.334065892252518
64.3218937389208,473.5704994350672,13.509047716270578
63.567518353063925,472.2959357609652,13.37802278422145
62.81339996348879,471.6773242902341,12.85370293015684
62.0595479388894,473.27195783283867,12.191739631076674
61.305972105378174,472.1510381278524,11.542728441632244
60.55268277451879,471.6069979976003,11.00990266982023
59.79969077342792,471.34294727031966,10.744272794120747
59.04700747712536,471.2147898372547,10.797407712214143
58.294644843328385,471.1525884268707,10.923731592103122
65.07651718365793,474.73130798339844,13.175442241052522
64.3218937389208,474.76017840206623,13.349336846105738
63.567518353063925,472.8733483064716,13.27016485315292
62.81339996348879,473.8547859423138,12.803909971230473
62.0595479388894,474.33304510274866,12.170209559287
61.305972105378174,472.666038492252,11.576771063455253
60.55268277451879,469.96014556021953,11.084612737344083
59.79969077342792,470.54364486662996,10.805017234315729
59.04700747712536,468.9341837978338,10.832829053330396
58.294644843328385,470.0456927221908,10.960602587818865
65.07651718365793,585.8125152587891,6.042900950440978
64.3218937389208,584.8379058837891,6.12397817182704
63.567518353063925,585.8125152587891,6.144001439706131
62.81339996348879,584.8379058837891,5.97983152329586
62.0595479388894,589.7109527587891,5.743461136079661
61.305972105378174,592.6347808837891,5.542465996792536
60.55268277451879,589.7109527587891,5.237720020423794
59.79969077342792,588.7363433837891,4.982221542833512
59.04700747712536,589.7109527587891,4.9697403799160424
58.294644843328385,588.7363433837891,5.027108499574231
65.07651718365793,588.2538604736328,5.882219886144262
64.3218937389208,589.2284698486328,5.96560881914369
63.567518353063925,588.2538604736328,5.976490430159119
62.81339996348879,587.2792510986328,5.759036800890846
62.0595479388894,590.2030792236328,5.5075947406816965
61.305972105378174,595.0761260986328,5.32040331105615
60.55268277451879,596.0507354736328,5.026510873327656
59.79969077342792,595.0761260986328,4.818256732407068
59.04700747712536,596.0507354736328,4.802316691504659
58.294644843328385,595.0761260986328,4.856442627917895
65.07651718365793,599.2399139404297,6.081906621001493
64.3218937389208,598.2653045654297,6.167678438401318
63.567518353063925,597.2906951904297,6.18571381286461
62.81339996348879,596.3160858154297,5.956961785876207
62.0595479388894,593.3922576904297,5.643445542855238
61.305972105378174,594.3668670654297,5.434647075896914
60.55268277451879,595.3414764404297,5.21188718186336
59.79969077342792,594.3668670654297,5.023774652558931
59.04700747712536,593.3922576904297,4.9946118318928905
58.294644843328385,594.3668670654297,5.054813893978659
65.07651718365793,595.5778961181641,6.098922492476068
64.3218937389208,594.6032867431641,6.183674981891803
63.567518353063925,595.5778961181641,6.1911401302064775
62.81339996348879,594.6032867431641,5.953880486398524
62.0595479388894,591.6794586181641,5.645119992312263
61.305972105378174,592.6540679931641,5.428982204371021
60.55268277451879,595.5778961181641,5.196050967035485
59.79969077342792,594.6032867431641,5.0180802530732
59.04700747712536,593.6286773681641,4.995468542989129
58.294644843328385,594.6032867431641,5.055518713596018
65.07651718365793,594.3572235107422,6.155626329293509
64.3218937389208,593.3826141357422,6.240017608919129
63.567518353063925,592.4080047607422,6.2251167329150805
62.81339996348879,591.4333953857422,5.970073225117851
62.0595479388894,590.4587860107422,5.687613175495838
61.305972105378174,591.4333953857422,5.473778199812838
60.55268277451879,592.4080047607422,5.202714676360613
59.79969077342792,591.4333953857422,5.0300771567107185
59.04700747712536,590.4587860107422,5.025274632508892
58.294644843328385,589.4841766357422,5.084638674480864
65.07651718365793,593.1365509033203,6.089869031849119
64.3218937389208,592.1619415283203,6.170186783123725
63.567518353063925,591.1873321533203,6.1599719307339456
62.81339996348879,590.2127227783203,5.934928392996808
62.0595479388894,593.1365509033203,5.678529412649363
61.305972105378174,590.2127227783203,5.46553959843159
60.55268277451879,587.2888946533203,5.198396112082696
59.79969077342792,586.3142852783203,5.033882528015828
59.04700747712536,585.3396759033203,5.027970740082865
58.294644843328385,584.3650665283203,5.087606241531871
65.07651718365793,585.8125152587891,6.129655537714818
64.3218937389208,586.7871246337891,6.209886372003227
63.567518353063925,585.8125152587891,6.206436200594213
62.81339996348879,584.8379058837891,5.984455068323348
62.0595479388894,585.8125152587891,5.709845112860757
61.305972105378174,584.8379058837891,5.4741548075317725
60.55268277451879,581.9140777587891,5.205744084040209
59.79969077342792,580.9394683837891,5.035509389763771
59.04700747712536,579.9648590087891,5.0139611119141625
58.294644843328385,580.9394683837891,5.074581442289724
65.07651718365793,584.5918426513672,6.18125208698142
64.3218937389208,583.6172332763672,6.26095002631417
63.567518353063925,582.6426239013672,6.216941185801235
62.81339996348879,581.6680145263672,5.967061678396372
62.0595479388894,584.5918426513672,5.708238563056193
61.305972105378174,585.5664520263672,5.450064014920384
60.55268277451879,582.6426239013672,5.165590562211194
59.79969077342792,581.6680145263672,5.037926492943931
59.04700747712536,580.6934051513672,5.047665499244952
58.294644843328385,579.7187957763672,5.106514240162868
65.07651718365793,582.1504974365234,6.1446011251235175
64.3218937389208,583.1251068115234,6.222794654040458
63.567518353063925,582.1504974365234,6.177981047018782
62.81339996348879,581.1758880615234,5.945283789067287
62.0595479388894,584.0997161865234,5.719884192457615
61.305972105378174,583.1251068115234,5.470962411441001
60.55268277451879,578.2520599365234,5.170096948290957
59.79969077342792,577.2774505615234,5.040696977188405
59.04700747712536,576.3028411865234,5.057110154331508
58.294644843328385,577.2774505615234,5.116453548794767
65.07651718365793,583.3711700439453,6.098093982541944
64.3218937389208,582.3965606689453,6.17374890145125
63.567518353063925,583.3711700439453,6.144073268272314
62.81339996348879,582.3965606689453,5.932380755374952
62.0595479388894,585.3203887939453,5.727617299936012
61.305972105378174,584.3457794189453,5.487682344168868
60.55268277451879,577.5235137939453,5.1733150137537605
59.79969077342792,576.5489044189453,5.031284949607107
59.04700747712536,575.5742950439453,5.036861975112048
58.294644843328385,576.5489044189453,5.096351346409088
65.07651718365793,589.4745330810547,6.089999736991299
64.3218937389208,588.4999237060547,6.1649915387629575
63.567518353063925,589.4745330810547,6.124233314209193
62.81339996348879,588.4999237060547,5.907665013208599
62.0595479388894,589.4745330810547,5.70795106449244
61.305972105378174,586.5507049560547,5.46180695867088
60.55268277451879,579.7284393310547,5.156984611649871
59.79969077342792,578.7538299560547,5.0385339986554785
59.04700747712536,577.7792205810547,5.049642307614624
58.294644843328385,576.8046112060547,5.110542649417256
65.07651718365793,580.9298248291016,6.053377408079449
64.3218937389208,579.9552154541016,6.1287189339396555
63.567518353063925,578.9806060791016,6.101864531270242
62.81339996348879,578.0059967041016,5.899977763663669
62.0595479388894,580.9298248291016,5.704924347111733
61.305972105378174,578.0059967041016,5.477868250441601
60.55268277451879,571.1837310791016,5.191102138719003
59.79969077342792,570.2091217041016,5.071613937252146
59.04700747712536,569.2345123291016,5.079952932099883
58.294644843328385,568.2599029541016,5.141121464176617
65.07651718365793,572.3851165771484,6.147145088467383
64.3218937389208,573.3597259521484,6.224074706975487
63.567518353063925,572.3851165771484,6.189206631734612
62.81339996348879,571.4105072021484,5.955777300505206
62.0595479388894,576.2835540771484,5.729527629030329
61.305972105378174,575.3089447021484,5.489415539148923
60.55268277451879,570.4358978271484,5.165582368594924
59.79969077342792,569.4612884521484,5.014269473436097
59.04700747712536,568.4866790771484,5.023372833106222
58.294644843328385,567.5120697021484,5.082625838128106
65.07651718365793,576.0471343994141,6.070365540076884
64.3218937389208,575.0725250244141,6.149671753178816
63.567518353063925,574.0979156494141,6.1352100545621235
62.81339996348879,575.0725250244141,5.9246617284966225
62.0595479388894,579.9455718994141,5.69368840435287
61.305972105378174,580.9201812744141,5.469651069320215
60.55268277451879,576.0471343994141,5.167780889006218
59.79969077342792,575.0725250244141,5.004034556452358
59.04700747712536,574.0979156494141,5.008638150196485
58.294644843328385,575.0725250244141,5.067522390506894
65.07651718365793,578.4884796142578,6.0271443120153405
64.3218937389208,577.5138702392578,6.106429538851258
63.567518353063925,578.4884796142578,6.108276852449727
62.81339996348879,577.5138702392578,5.906451871914427
62.0595479388894,580.4376983642578,5.660977119153603
61.305972105378174,583.3615264892578,5.4536563800712266
60.55268277451879,578.4884796142578,5.164966279894
59.79969077342792,579.4630889892578,4.979373827895208
59.04700747712536,578.4884796142578,4.976114119917152
58.294644843328385,577.5138702392578,5.0337658264306855
65.07651718365793,579.7091522216797,6.027251330313507
64.3218937389208,578.7345428466797,6.107751229219206
63.567518353063925,577.7599334716797,6.11259265176444
62.81339996348879,578.7345428466797,5.907752325417383
62.0595479388894,579.7091522216797,5.668703574999576
61.305972105378174,580.6837615966797,5.471959587523216
60.55268277451879,579.7091522216797,5.196680392728288
59.79969077342792,578.7345428466797,5.029557589098713
59.04700747712536,577.7599334716797,5.027623376386431
58.294644843328385,576.7853240966797,5.086664879842773
65.07651718365793,577.2678070068359,6.023974002216182
64.3218937389208,578.2424163818359,6.106202822902225
63.567518353063925,577.2678070068359,6.116399283847307
62.81339996348879,576.2931976318359,5.8977227253856075
62.0595479388894,577.2678070068359,5.6403927963451235
61.305972105378174,578.2424163818359,5.462269306745697
60.55268277451879,579.2170257568359,5.200274043592182
59.79969077342792,578.2424163818359,5.032996958481527
59.04700747712536,577.2678070068359,5.041642286894192
58.294644843328385,578.2424163818359,5.100392132326737
65.07651718365793,577.2678070068359,5.994097347593128
64.3218937389208,578.2424163818359,6.073741636364117
63.567518353063925,577.2678070068359,6.080991982166246
62.81339996348879,576.2931976318359,5.892524745535731
62.0595479388894,577.2678070068359,5.666677735057323
61.305972105378174,578.2424163818359,5.500409129868087
60.55268277451879,577.2678070068359,5.244341130285869
59.79969077342792,576.2931976318359,5.0703630026834
59.04700747712536,575.3185882568359,5.086063032888884
58.294644843328385,574.3439788818359,5.14399002056798
65.07651718365793,580.9298248291016,6.054110773578863
64.3218937389208,579.9552154541016,6.133797226151374
63.567518353063925,578.9806060791016,6.137539523329423
62.81339996348879,578.0059967041016,5.93147695810112
62.0595479388894,578.9806060791016,5.692414734675009
61.305972105378174,578.0059967041016,5.531144868101543
60.55268277451879,578.9806060791016,5.271658014159901
59.79969077342792,578.0059967041016,5.096612555024962
59.04700747712536,577.0313873291016,5.1189132489854225
58.294644843328385,576.0567779541016,5.176511024422801
65.07651718365793,585.8125152587891,6.035539958024485
64.3218937389208,584.8379058837891,6.116756067396312
63.567518353063925,585.8125152587891,6.130227384561061
62.81339996348879,584.8379058837891,5.93714419129636
62.0595479388894,585.8125152587891,5.685152899077562
61.305972105378174,588.7363433837891,5.504259791964562
60.55268277451879,587.7617340087891,5.227876910021754
59.79969077342792,586.7871246337891,5.015786317961253
59.04700747712536,585.8125152587891,5.018374958703599
58.294644843328385,584.8379058837891,5.075152704280274
65.07651718365793,589.4745330810547,5.986111278071598
64.3218937389208,588.4999237060547,6.066125047233899
63.567518353063925,587.5253143310547,6.098495190252963
62.81339996348879,586.5507049560547,5.941100535671885
62.0595479388894,593.3729705810547,5.704292798012747
61.305972105378174,596.2967987060547,5.5236059325923925
60.55268277451879,591.4237518310547,5.225584440215279
59.79969077342792,590.4491424560547,4.964188303826255
59.04700747712536,591.4237518310547,4.950676151085819
58.294644843328385,590.4491424560547,5.007528954087485
65.07651718365793,484.49668884277344,9.275515917880146
64.3218937389208,483.35872508585453,9.392800322808025
63.567518353063925,482.7997448419774,9.493593504217078
62.81339996348879,482.5251676323385,9.40206628409457
62.0595479388894,493.8866809869671,9.136914969786531
61.305972105378174,493.78595763902956,8.776011147332374
60.55268277451879,482.10753998691183,8.291855452778554
59.79969077342792,482.1851490365397,7.898370205613671
59.04700747712536,480.30787076885395,7.798427351360801
58.294644843328385,481.3011318327476,7.887643237533875
65.07651718365793,500.3654327392578,8.655719189423579
64.3218937389208,501.3400421142578,8.765069194641418
63.567518353063925,500.3654327392578,8.720730800769424
62.81339996348879,499.3908233642578,8.434036697655754
62.0595479388894,502.3146514892578,8.10384291031284
61.305972105378174,501.3400421142578,7.723437286182894
60.55268277451879,500.3654327392578,7.293947856429134
59.79969077342792,499.3908233642578,7.06890080277395
59.04700747712536,498.4162139892578,7.06847555851333
58.294644843328385,497.984556004405,7.152836288731086
65.07651718365793,505.2481231689453,9.589690059983804
64.3218937389208,504.2735137939453,9.713977051746168
63.567518353063925,503.2989044189453,9.664592882766215
62.81339996348879,502.3242950439453,9.341224416348558
62.0595479388894,503.2989044189453,9.006332450807651
61.305972105378174,496.4766387939453,8.733866620240224
60.55268277451879,491.18672128021717,8.338340545321776
59.79969077342792,490.5109059463575,8.130674280097196
59.04700747712536,488.2446362333111,8.218766389026696
58.294644843328385,489.0542290725476,8.312056745622767
65.07651718365793,502.80677795410156,9.629235268363777
64.3218937389208,503.78138732910156,9.748879109425838
63.567518353063925,502.80677795410156,9.692636888814715
62.81339996348879,501.83216857910156,9.36226624221292
62.0595479388894,500.85755920410156,8.990437973426545
61.305972105378174,495.98451232910156,8.692441300771673
60.55268277451879,489.0016696304083,8.312370976352371
59.79969077342792,489.4290493189619,8.099531560762756
59.04700747712536,487.7111034239021,8.17482024360397
58.294644843328385,486.8638742471392,8.269245226685943
65.07651718365793,502.80677795410156,9.534961339597338
64.3218937389208,503.78138732910156,9.65133347363461
63.567518353063925,502.80677795410156,9.600091785999256
62.81339996348879,501.83216857910156,9.31904076631898
62.0595479388894,502.80677795410156,9.003648652676132
61.305972105378174,494.03529357910156,8.70336483462426
60.55268277451879,486.1056465655565,8.335374763243761
59.79969077342792,486.07212062070903,8.149851486052707
59.04700747712536,486.0555868295489,8.225057086892352
58.294644843328385,484.1244728274054,8.32009538803701
65.07651718365793,502.80677795410156,9.576073452576585
64.3218937389208,501.83216857910156,9.691727851648862
63.567518353063925,502.80677795410156,9.617534811253297
62.81339996348879,501.83216857910156,9.331097175477625
62.0595479388894,502.80677795410156,9.019650091315635
61.305972105378174,497.93373107910156,8.671437296518128
60.55268277451879,489.95914719998837,8.273920090668474
59.79969077342792,489.90311292030674,8.095408670268215
59.04700747712536,487.9448945554247,8.176533883630881
58.294644843328385,488.90582181601593,8.27235131619037
65.07651718365793,508.91014099121094,9.466827334619897
64.3218937389208,507.93553161621094,9.581523627727213
63.567518353063925,506.96092224121094,9.507868229281282
62.81339996348879,505.98631286621094,9.243198666729656
62.0595479388894,506.96092224121094,8.9803393633977
61.305972105378174,502.08787536621094,8.647397729103151
60.55268277451879,493.31639099121094,8.240326447083069
59.79969077342792,493.5024834126234,8.069675211237318
59.04700747712536,493.5949844306888,8.159027905019611
58.294644843328385,491.70327842417896,8.25593210830095
65.07651718365793,515.0135040283203,9.387520292954779
64.3218937389208,514.0388946533203,9.499339150444342
63.567518353063925,513.0642852783203,9.432502250644855
62.81339996348879,512.0896759033203,9.203378682443589
62.0595479388894,513.0642852783203,8.954902519843408
61.305972105378174,508.1912384033203,8.60765573902759
60.55268277451879,499.4197540283203,8.213587311259632
59.79969077342792,498.4451446533203,8.038551895783556
59.04700747712536,497.99899308383465,8.114151498203766
58.294644843328385,497.7763529939839,8.211438828914204
65.07651718365793,511.3514862060547,9.44048099100166
64.3218937389208,510.3768768310547,9.550676409086723
63.567518353063925,509.4022674560547,9.461742368007682
62.81339996348879,510.3768768310547,9.22708039526988
62.0595479388894,509.4022674560547,8.985443607937581
61.305972105378174,504.5292205810547,8.604005542962295
60.55268277451879,495.7577362060547,8.19828995285364
59.79969077342792,494.71600364148617,8.045765161846283
59.04700747712536,494.19818931007467,8.135471633181943
58.294644843328385,493.940799178543,8.233925703032337
65.07651718365793,515.0135040283203,9.391159840205484
64.3218937389208,514.0388946533203,9.500949067560514
63.567518353063925,513.0642852783203,9.40939212665602
62.81339996348879,514.0388946533203,9.171147927761378
62.0595479388894,511.1150665283203,8.951625392388854
61.305972105378174,504.2928009033203,8.582396258890446
60.55268277451879,497.4705352783203,8.191380578545115
59.79969077342792,497.5126401633024,8.076835275610387
59.04700747712536,495.5883142999228,8.175251081339917
58.294644843328385,496.57336778052786,8.27660924498811
65.07651718365793,508.91014099121094,9.432328880922618
64.3218937389208,507.93553161621094,9.545174933221766
63.567518353063925,506.96092224121094,9.481686460549298
62.81339996348879,507.93553161621094,9.247606685552311
62.0595479388894,505.01170349121094,8.982559374684335
61.305972105378174,498.18943786621094,8.604909392885741
60.55268277451879,492.0314122289419,8.225262416703814
59.79969077342792,490.9291269531968,8.078819368602595
59.04700747712536,490.3833665676473,8.148911849812878
58.294644843328385,490.1131512205051,8.251297086811684
65.07651718365793,507.68946838378906,9.42846362213278
64.3218937389208,508.66407775878906,9.540483924884597
63.567518353063925,507.68946838378906,9.464947731516354
62.81339996348879,506.71485900878906,9.211779130274078
62.0595479388894,505.74024963378906,8.928565641676627
61.305972105378174,498.91798400878906,8.545038706855113
60.55268277451879,492.39070500433445,8.181277671140402
59.79969077342792,493.04235238984984,8.059843319550094
59.04700747712536,491.42966080239637,8.142236732211998
58.294644843328385,490.6311894793115,8.243759961129381
65.07651718365793,501.5861053466797,9.491618508994524
64.3218937389208,500.6114959716797,9.605284774103245
63.567518353063925,501.5861053466797,9.515013819737343
62.81339996348879,500.6114959716797,9.23237132798714
62.0595479388894,499.6368865966797,8.954240316863267
61.305972105378174,492.8146209716797,8.579639339234758
60.55268277451879,489.38074569404125,8.19682663527009
59.79969077342792,489.61673639343644,8.09004110356537
59.04700747712536,487.8036639440287,8.194551413535594
58.294644843328385,486.9095217692719,8.294927244573953
65.07651718365793,497.92408752441406,9.597058884767177
64.3218937389208,497.73897336423397,9.7104941381731
63.567518353063925,495.70081781483896,9.615352424866165
62.81339996348879,496.62950967127216,9.332959442373573
62.0595479388894,497.0929486738478,9.035068556765928
61.305972105378174,493.43518064222735,8.59692161041838
60.55268277451879,487.74941002250034,8.163256687826383
59.79969077342792,488.8090340638747,8.017389622784663
59.04700747712536,487.4053341818913,8.095697218772122
58.294644843328385,486.7130798455616,8.195504614806298
65.07651718365793,499.14476013183594,9.592668901322881
64.3218937389208,498.17015075683594,9.710500311398418
63.567518353063925,497.8617646843195,9.635448408554096
62.81339996348879,497.7078728063352,9.325949994755803
62.0595479388894,497.63107715238016,8.958540550402914
61.305972105378174,495.6471858110952,8.518592680174157
60.55268277451879,492.7193585998293,8.130804544860174
59.79969077342792,491.2697410255014,7.997924484969227
59.04700747712536,490.55201044914963,8.061493179587032
58.294644843328385,490.1966497048036,8.162463750128264
65.07651718365793,497.92408752441406,9.59509387538137
64.3218937389208,497.73897336423397,9.71104177489879
63.567518353063925,497.646597059691,9.62863607344641
62.81339996348879,497.6004991186544,9.316506736863767
62.0595479388894,499.5230039529978,8.96886149717043
61.305972105378174,496.5991758279978,8.538912910021569
60.55268277451879,493.19070521952625,8.115084795735697
59.79969077342792,491.50311283818337,7.9692121770068
59.04700747712536,490.6675568446865,8.04696085872986
58.294644843328385,492.1858265956498,8.144247443326856
65.07651718365793,496.7034149169922,9.555657608466426
64.3218937389208,497.1298291236162,9.673417223318951
63.567518353063925,497.3426198068046,9.610501788079924
62.81339996348879,495.50380222818706,9.308520053062537
62.0595479388894,498.472607952207,8.943662240364153
61.305972105378174,498.0126979136502,8.508012592442439
60.55268277451879,493.8905642990436,8.10537281117457
59.79969077342792,491.8496250972803,7.960426422141026
59.04700747712536,492.77339763136297,8.015769526927194
58.294644843328385,491.2964966788096,8.11263599529463
65.07651718365793,490.6000518798828,9.471144139932635
64.3218937389208,490.22043584287167,9.591183836929108
63.567518353063925,490.0324814182968,9.580685386548403
62.81339996348879,488.008694449453,9.321679695354291
62.0595479388894,494.7177346216498,8.957157533395147
61.305972105378174,494.19904972892556,8.5555883361852
60.55268277451879,490.06349620420644,8.142031708891553
59.79969077342792,488.0239898272698,7.925212867721586
59.04700747712536,488.9449832445564,7.943661682137992
58.294644843328385,487.47237943212986,8.038215866787022
65.07651718365793,484.49668884277344,9.505529303723462
64.3218937389208,485.2786404937506,9.62572204124039
63.567518353063925,483.7428282894107,9.623494558898388
62.81339996348879,482.98842053669296,9.37429139277727
62.0595479388894,492.20269505402683,9.004242833697967
61.305972105378174,494.88386442637477,8.574224336459235
60.55268277451879,486.52081648204467,8.117565034458353
59.79969077342792,486.27686750335215,7.854641195400667
59.04700747712536,486.1565606339774,7.845367365411123
58.294644843328385,486.09722960952985,7.937299226207583
65.07651718365793,486.9380340576172,9.476097889200117
64.3218937389208,486.48262421786785,9.597956489629748
63.567518353063925,486.2580324511946,9.621095420553086
62.81339996348879,484.2239163310067,9.384242984805718
62.0595479388894,494.7410321391293,9.01670633914199
61.305972105378174,496.1505541241163,8.601204051243572
60.55268277451879,489.0832311762016,8.12065900022749
59.79969077342792,489.46943184212324,7.8159902557155085
59.04700747712536,487.7310186330783,7.785585457449226
58.294644843328385,488.7999281708698,7.8761274392558835
65.07651718365793,484.49668884277344,9.309790104673834
64.3218937389208,483.35872508585453,9.428258510313773
63.567518353063925,482.7997448419774,9.510042419216925
62.81339996348879,482.5251676323385,9.377610128559958
62.0595479388894,493.8866809869671,9.073940689160526
61.305972105378174,493.78595763902956,8.69887517452167
60.55268277451879,484.04559849792554,8.237172836309368
59.79969077342792,483.1371445746646,7.886814968129903
59.04700747712536,482.690902071344,7.812631571775754
58.294644843328385,480.5553143923275,7.903797530928762
65.07651718365793,590.6952056884766,4.612881957542131
64.3218937389208,589.7205963134766,4.673264094297856
63.567518353063925,588.7459869384766,4.6782642457164325
62.81339996348879,587.7713775634766,4.568111514556542
62.0595479388894,590.6952056884766,4.351478022698251
61.305972105378174,599.4666900634766,4.159255100820289
60.55268277451879,604.3397369384766,4.033759702120054
59.79969077342792,603.3651275634766,3.912251510685858
59.04700747712536,602.3905181884766,3.88969572459829
58.294644843328385,601.4159088134766,3.9376757844820314
65.07651718365793,561.3990631103516,3.753024188034073
64.3218937389208,560.4244537353516,3.7974760730373496
63.567518353063925,559.4498443603516,3.7968984057826742
62.81339996348879,558.4752349853516,3.7465318939811323
62.0595479388894,571.1451568603516,3.6796303054532897
61.305972105378174,572.1197662353516,3.5262688983959403
60.55268277451879,563.3482818603516,3.320119327295746
59.79969077342792,562.3736724853516,3.1945584064938792
59.04700747712536,561.3990631103516,3.1759057961641277
58.294644843328385,560.4244537353516,3.215665946007646
65.07651718365793,573.6057891845703,4.7088520331712695
64.3218937389208,572.6311798095703,4.763092006735011
63.567518353063925,573.6057891845703,4.71361784463431
62.81339996348879,572.6311798095703,4.60676665195052
62.0595479388894,573.6057891845703,4.484699200118784
61.305972105378174,572.6311798095703,4.27320095017805
60.55268277451879,565.8089141845703,4.065874598810188
59.79969077342792,564.8343048095703,3.972858405640313
59.04700747712536,563.8596954345703,4.000256048403507
58.294644843328385,562.8850860595703,4.049991492197837
65.07651718365793,577.2678070068359,4.673564721544021
64.3218937389208,576.2931976318359,4.728322721877939
63.567518353063925,575.3185882568359,4.683810703023938
62.81339996348879,574.3439788818359,4.581314219187086
62.0595479388894,575.3185882568359,4.468623010078072
61.305972105378174,570.4455413818359,4.280783783768629
60.55268277451879,563.6232757568359,4.0999090274870555
59.79969077342792,562.6486663818359,4.027338014017369
59.04700747712536,561.6740570068359,4.0617115235619705
58.294644843328385,560.6994476318359,4.112513238914665
65.07651718365793,582.1504974365234,4.552863503605543
64.3218937389208,581.1758880615234,4.606342180392599
63.567518353063925,580.2012786865234,4.579874291542159
62.81339996348879,579.2266693115234,4.514557306443992
62.0595479388894,580.2012786865234,4.455083910694064
61.305972105378174,569.4805755615234,4.32324681464071
60.55268277451879,560.7090911865234,4.158225570183441
59.79969077342792,559.7344818115234,4.089455794518352
59.04700747712536,558.7598724365234,4.132260832024242
58.294644843328385,557.7852630615234,4.182887655892317
65.07651718365793,585.8125152587891,4.479826093433573
64.3218937389208,584.8379058837891,4.532904875555636
63.567518353063925,583.8632965087891,4.511490263354572
62.81339996348879,582.8886871337891,4.4547857636364405
62.0595479388894,581.9140777587891,4.42338957226876
61.305972105378174,571.1933746337891,4.333300586692375
60.55268277451879,562.4218902587891,4.188341933804618
59.79969077342792,561.4472808837891,4.138834267451768
59.04700747712536,560.4726715087891,4.197235389252429
58.294644843328385,559.4980621337891,4.2474370615468215
65.07651718365793,582.1504974365234,4.444958949496869
64.3218937389208,581.1758880615234,4.4981944904012465
63.567518353063925,580.2012786865234,4.486041667544062
62.81339996348879,579.2266693115234,4.441374472644225
62.0595479388894,578.2520599365234,4.418351311603006
61.305972105378174,567.5313568115234,4.337376836102957
60.55268277451879,558.7598724365234,4.210016256584319
59.79969077342792,557.7852630615234,4.171740099361489
59.04700747712536,556.8106536865234,4.224308404736647
58.294644843328385,555.8360443115234,4.275557490218494
65.07651718365793,579.7091522216797,4.439087247485575
64.3218937389208,578.7345428466797,4.491589456842542
63.567518353063925,577.7599334716797,4.4652430223015624
62.81339996348879,576.7853240966797,4.412729890501524
62.0595479388894,575.8107147216797,4.4143912757928785
61.305972105378174,565.0900115966797,4.353276081506307
60.55268277451879,556.3185272216797,4.221760930298399
59.79969077342792,555.3439178466797,4.20410238606281
59.04700747712536,554.3693084716797,4.280984895675839
58.294644843328385,553.3946990966797,4.331308334649473
65.07651718365793,584.5918426513672,4.376011800078022
64.3218937389208,583.6172332763672,4.4307885913407095
63.567518353063925,582.6426239013672,4.426360362394208
62.81339996348879,581.6680145263672,4.382470671585571
62.0595479388894,578.7441864013672,4.373700573234765
61.305972105378174,566.0742645263672,4.341694256922849
60.55268277451879,559.2519989013672,4.258508968268668
59.79969077342792,558.2773895263672,4.2565868794105
59.04700747712536,555.3535614013672,4.326731205400457
58.294644843328385,556.3281707763672,4.377980423585233
65.07651718365793,578.4884796142578,4.342243325212226
64.3218937389208,577.5138702392578,4.39467840229671
63.567518353063925,578.4884796142578,4.3956396484303175
62.81339996348879,577.5138702392578,4.387059786701332
62.0595479388894,572.6408233642578,4.4193002170403775
61.305972105378174,559.9709014892578,4.405280093864222
60.55268277451879,547.3009796142578,4.32142287812911
59.79969077342792,546.3263702392578,4.313968651720557
59.04700747712536,545.3517608642578,4.388689634619238
58.294644843328385,544.3771514892578,4.4407569706691765
65.07651718365793,579.7091522216797,4.365916121444135
64.3218937389208,578.7345428466797,4.4178112412577315
63.567518353063925,577.7599334716797,4.4281410535776695
62.81339996348879,576.7853240966797,4.421098661371238
62.0595479388894,573.8614959716797,4.433964277857439
61.305972105378174,563.1407928466797,4.400103634925365
60.55268277451879,552.4200897216797,4.3089491349470785
59.79969077342792,551.4454803466797,4.285234339565566
59.04700747712536,550.4708709716797,4.340214796915081
58.294644843328385,549.4962615966797,4.392545158129476
65.07651718365793,584.5918426513672,4.3808291944955355
64.3218937389208,583.6172332763672,4.432640309528499
63.567518353063925,584.5918426513672,4.441082895789482
62.81339996348879,583.6172332763672,4.432181930693791
62.0595479388894,580.6934051513672,4.43099342253796
61.305972105378174,569.9727020263672,4.377147652311396
60.55268277451879,561.2012176513672,4.2778864294323125
59.79969077342792,560.2266082763672,4.240753140276395
59.04700747712536,559.2519989013672,4.287113099611058
58.294644843328385,558.2773895263672,4.340064565166597
65.07651718365793,582.1504974365234,4.42392589682773
64.3218937389208,583.1251068115234,4.474598536734247
63.567518353063925,582.1504974365234,4.486746285901464
62.81339996348879,581.1758880615234,4.470693758501164
62.0595479388894,580.2012786865234,4.438316238171501
61.305972105378174,573.3790130615234,4.354811740052274
60.55268277451879,564.6075286865234,4.233332542871001
59.79969077342792,563.6329193115234,4.1669084875710425
59.04700747712536,562.6583099365234,4.1986533662074494
58.294644843328385,561.6837005615234,4.251224679719292
65.07651718365793,569.9437713623047,4.481543517131528
64.3218937389208,568.9691619873047,4.530849655307721
63.567518353063925,567.9945526123047,4.546328046853943
62.81339996348879,567.0199432373047,4.542860726710644
62.0595479388894,573.8422088623047,4.5087060766495295
61.305972105378174,570.9183807373047,4.3912399744613575
60.55268277451879,560.1976776123047,4.223662245845483
59.79969077342792,559.2230682373047,4.114973568839338
59.04700747712536,558.2484588623047,4.124470891959516
58.294644843328385,557.2738494873047,4.175279376268195
65.07651718365793,557.7370452880859,4.512564643596925
64.3218937389208,556.7624359130859,4.56379285374371
63.567518353063925,555.7878265380859,4.598972713278937
62.81339996348879,556.7624359130859,4.598027815388166
62.0595479388894,565.5339202880859,4.5469191866070755
61.305972105378174,564.5593109130859,4.435146895451074
60.55268277451879,553.8386077880859,4.250397760157874
59.79969077342792,552.8639984130859,4.105561060305664
59.04700747712536,551.8893890380859,4.099989608397563
58.294644843328385,550.9147796630859,4.14883974535615
65.07651718365793,558.9577178955078,4.547068308475694
64.3218937389208,559.9323272705078,4.59945490802401
63.567518353063925,558.9577178955078,4.646982028441131
62.81339996348879,557.9831085205078,4.642451237589108
62.0595479388894,568.7038116455078,4.5438517664075
61.305972105378174,569.6784210205078,4.390982217222256
60.55268277451879,558.9577178955078,4.199301843911964
59.79969077342792,557.9831085205078,4.01972207372267
59.04700747712536,557.0084991455078,3.9797503682893827
58.294644843328385,556.0338897705078,4.030248374875096
65.07651718365793,557.7370452880859,4.567460280370837
64.3218937389208,556.7624359130859,4.621083272238255
63.567518353063925,555.7878265380859,4.675701806905793
62.81339996348879,554.8132171630859,4.6603990914764415
62.0595479388894,567.4831390380859,4.541324414697368
61.305972105378174,570.4069671630859,4.380712228949952
60.55268277451879,561.6354827880859,4.181137102349122
59.79969077342792,560.6608734130859,3.988799528970473
59.04700747712536,559.6862640380859,3.9391930758643694
58.294644843328385,558.7116546630859,3.9902807714205633
65.07651718365793,558.9577178955078,4.57714474725885
64.3218937389208,557.9831085205078,4.634238182280367
63.567518353063925,557.0084991455078,4.68387574323036
62.81339996348879,557.9831085205078,4.647153415899884
62.0595479388894,566.7545928955078,4.505405753238642
61.305972105378174,573.5768585205078,4.336728278207047
60.55268277451879,568.7038116455078,4.146357182912736
59.79969077342792,567.7292022705078,3.959561698873854
59.04700747712536,564.8053741455078,3.9062869083503853
58.294644843328385,565.7799835205078,3.9573082830854798
65.07651718365793,558.9577178955078,4.583343966949085
64.3218937389208,559.9323272705078,4.640859760355019
63.567518353063925,558.9577178955078,4.699854218048306
62.81339996348879,557.9831085205078,4.653094610606676
62.0595479388894,566.7545928955078,4.479085660284727
61.305972105378174,575.5260772705078,4.321655136742043
60.55268277451879,570.6530303955078,4.139534810253146
59.79969077342792,569.6784210205078,3.929685624241024
59.04700747712536,568.7038116455078,3.8732080035021865
58.294644843328385,567.7292022705078,3.9219496801212608
65.07651718365793,572.3851165771484,4.581284757626822
64.3218937389208,573.3597259521484,4.639749390270334
63.567518353063925,572.3851165771484,4.683716894081716
62.81339996348879,571.4105072021484,4.617177259166757
62.0595479388894,580.1819915771484,4.4127998845179475
61.305972105378174,588.9534759521484,4.234849581652888
60.55268277451879,589.9280853271484,4.079407864364604
59.79969077342792,587.0042572021484,3.895208386549431
59.04700747712536,586.0296478271484,3.8472529588129056
58.294644843328385,585.0550384521484,3.8948951694251077
65.07651718365793,583.3711700439453,4.587332935270523
64.3218937389208,584.3457794189453,4.647020257117997
63.567518353063925,583.3711700439453,4.670388391842535
62.81339996348879,582.3965606689453,4.574806547373728
62.0595479388894,587.2696075439453,4.367510688139255
61.305972105378174,596.0410919189453,4.185278138315373
60.55268277451879,598.9649200439453,4.033404246350105
59.79969077342792,597.9903106689453,3.8807007451020743
59.04700747712536,597.0157012939453,3.849040733502828
58.294644843328385,596.0410919189453,3.897023932557329
65.07651718365793,580.9298248291016,7.670447521414679
64.3218937389208,579.9552154541016,7.759552331498164
63.567518353063925,578.9806060791016,7.7378058133367835
62.81339996348879,578.0059967041016,7.6355605711289085
62.0595479388894,575.0821685791016,7.468730009838241
61.305972105378174,568.2599029541016,7.198797849043632
60.55268277451879,565.3360748291016,6.9827050729391384
59.79969077342792,564.3614654541016,6.890920956957386
59.04700747712536,563.3868560791016,6.920549610225295
58.294644843328385,562.4122467041016,7.003921389163508
65.07651718365793,568.7230987548828,6.149358139980346
64.3218937389208,567.7484893798828,6.226646829213984
63.567518353063925,566.7738800048828,6.216316750736292
62.81339996348879,567.7484893798828,6.033895484718239
62.0595479388894,560.9262237548828,5.767850923129604
61.305972105378174,558.0023956298828,5.545260212382501
60.55268277451879,560.9262237548828,5.373947362320707
59.79969077342792,559.9516143798828,5.267359197095676
59.04700747712536,558.9770050048828,5.279191797955557
58.294644843328385,558.0023956298828,5.3458443423871085
65.07651718365793,568.7230987548828,7.926328551212017
64.3218937389208,567.7484893798828,8.022840706629356
63.567518353063925,566.7738800048828,8.017122952848636
62.81339996348879,565.7992706298828,7.81799935032104
62.0595479388894,568.7230987548828,7.4878115118975295
61.305972105378174,567.7484893798828,7.180354198570839
60.55268277451879,562.8754425048828,6.8862055414899315
59.79969077342792,561.9008331298828,6.652980116866375
59.04700747712536,560.9262237548828,6.647521376041574
58.294644843328385,559.9516143798828,6.728304444881606
65.07651718365793,563.8404083251953,7.849537951782755
64.3218937389208,564.8150177001953,7.9457629231008795
63.567518353063925,563.8404083251953,7.951919225036501
62.81339996348879,562.8657989501953,7.778104259199064
62.0595479388894,565.7896270751953,7.486970089931526
61.305972105378174,564.8150177001953,7.218636469657178
60.55268277451879,557.9927520751953,6.92353854956807
59.79969077342792,557.0181427001953,6.680852004131478
59.04700747712536,556.0435333251953,6.679907989124491
58.294644843328385,555.0689239501953,6.759454205659094
65.07651718365793,562.6197357177734,7.92476317061669
64.3218937389208,561.6451263427734,8.022090254458076
63.567518353063925,560.6705169677734,8.012864804207728
62.81339996348879,559.6959075927734,7.810062665182499
62.0595479388894,562.6197357177734,7.505662700141137
61.305972105378174,561.6451263427734,7.213024255340297
60.55268277451879,558.7212982177734,6.898960984347501
59.79969077342792,557.7466888427734,6.665996312210616
59.04700747712536,556.7720794677734,6.66684973902982
58.294644843328385,555.7974700927734,6.747944395737908
65.07651718365793,567.5024261474609,7.861010892155416
64.3218937389208,566.5278167724609,7.956207483149791
63.567518353063925,565.5532073974609,7.937981899916871
62.81339996348879,564.5785980224609,7.746096518439202
62.0595479388894,565.5532073974609,7.460510516451958
61.305972105378174,562.6293792724609,7.189430212134203
60.55268277451879,559.7055511474609,6.906092525812566
59.79969077342792,558.7309417724609,6.702327321569446
59.04700747712536,555.8071136474609,6.726868639125646
58.294644843328385,556.7817230224609,6.80738748209851
65.07651718365793,566.2817535400391,7.791126684761106
64.3218937389208,567.2563629150391,7.884437581223621
63.567518353063925,566.2817535400391,7.864149328575667
62.81339996348879,565.3071441650391,7.701808027352532
62.0595479388894,564.3325347900391,7.48689819848983
61.305972105378174,561.4087066650391,7.24742780923111
60.55268277451879,554.5864410400391,6.939544574690269
59.79969077342792,553.6118316650391,6.733546656112137
59.04700747712536,552.6372222900391,6.772344490547512
58.294644843328385,551.6626129150391,6.852794062550001
65.07651718365793,568.7230987548828,7.828981717626907
64.3218937389208,567.7484893798828,7.919971615873819
63.567518353063925,566.7738800048828,7.8840746328559845
62.81339996348879,565.7992706298828,7.709593674781163
62.0595479388894,564.8246612548828,7.479492529091223
61.305972105378174,558.0023956298828,7.2166628376504605
60.55268277451879,553.1293487548828,6.921448621754546
59.79969077342792,552.1547393798828,6.7406139072269395
59.04700747712536,551.1801300048828,6.788812229630962
58.294644843328385,550.2055206298828,6.8717251213483195
65.07651718365793,571.1644439697266,7.884817809308687
64.3218937389208,570.1898345947266,7.97822431596307
63.567518353063925,569.2152252197266,7.929202735959637
62.81339996348879,568.2406158447266,7.7027859295302585
62.0595479388894,563.3675689697266,7.445299441270185
61.305972105378174,556.5453033447266,7.202698209437683
60.55268277451879,555.5706939697266,6.9210428834132065
59.79969077342792,554.5960845947266,6.774283042688814
59.04700747712536,551.6722564697266,6.849892929698555
58.294644843328385,552.6468658447266,6.9329820472679895
65.07651718365793,569.9437713623047,7.8517158899525095
64.3218937389208,568.9691619873047,7.944586739590055
63.567518353063925,567.9945526123047,7.8941296665568395
62.81339996348879,567.0199432373047,7.6822768092690765
62.0595479388894,562.1468963623047,7.443570543906769
61.305972105378174,553.3754119873047,7.201923115683611
60.55268277451879,550.4515838623047,6.946746990566271
59.79969077342792,549.4769744873047,6.834576092944229
59.04700747712536,548.5023651123047,6.913165970775377
58.294644843328385,547.5277557373047,6.9971293468470614
65.07651718365793,566.2817535400391,7.773422035525733
64.3218937389208,565.3071441650391,7.865485403028034
63.567518353063925,564.3325347900391,7.8516158297422605
62.81339996348879,563.3579254150391,7.681141260536935
62.0595479388894,558.4848785400391,7.439795282203375
61.305972105378174,549.7133941650391,7.217852193283846
60.55268277451879,546.7895660400391,6.987954093554829
59.79969077342792,545.8149566650391,6.845193833796031
59.04700747712536,544.8403472900391,6.895891005735378
58.294644843328385,543.8657379150391,6.979633013473486
65.07651718365793,561.3990631103516,7.74015216190581
64.3218937389208,562.3736724853516,7.833519475894261
63.567518353063925,561.3990631103516,7.842771123878726
62.81339996348879,560.4244537353516,7.697655322091524
62.0595479388894,557.5006256103516,7.475463943728276
61.305972105378174,548.7291412353516,7.26171097534206
60.55268277451879,543.8560943603516,7.015263015448479
59.79969077342792,542.8814849853516,6.846600876887771
59.04700747712536,541.9068756103516,6.873681861794245
58.294644843328385,540.9322662353516,6.956304949325861
65.07651718365793,560.1783905029297,7.719154821176
64.3218937389208,561.1529998779297,7.813070911923211
63.567518353063925,560.1783905029297,7.806923892049885
62.81339996348879,559.2037811279297,7.669594892923024
62.0595479388894,556.2799530029297,7.474799953915491
61.305972105378174,549.4576873779297,7.26527843834296
60.55268277451879,542.6354217529297,7.03481246141637
59.79969077342792,541.6608123779297,6.898612067967886
59.04700747712536,540.6862030029297,6.944095686701026
58.294644843328385,539.7115936279297,7.025873292899082
65.07651718365793,563.8404083251953,7.655370234002738
64.3218937389208,564.8150177001953,7.748193610942085
63.567518353063925,563.8404083251953,7.742447814343153
62.81339996348879,562.8657989501953,7.614128910167875
62.0595479388894,557.9927520751953,7.440942451333477
61.305972105378174,549.2212677001953,7.2660811515807735
60.55268277451879,542.3990020751953,7.0638775886882765
59.79969077342792,541.4243927001953,6.94919704084007
59.04700747712536,540.4497833251953,7.012715498605785
58.294644843328385,541.4243927001953,7.095813458478019
65.07651718365793,566.2817535400391,7.663275981475063
64.3218937389208,567.2563629150391,7.756205285161677
63.567518353063925,566.2817535400391,7.730369415395974
62.81339996348879,565.3071441650391,7.586244690338061
62.0595479388894,560.4340972900391,7.422480569247893
61.305972105378174,551.6626129150391,7.247496644463836
60.55268277451879,544.8403472900391,7.0608566093117675
59.79969077342792,543.8657379150391,6.9922132113343345
59.04700747712536,542.8911285400391,7.077748300783769
58.294644843328385,541.9165191650391,7.1608544312329565
65.07651718365793,569.9437713623047,7.7014116342723895
64.3218937389208,568.9691619873047,7.795329466256419
63.567518353063925,567.9945526123047,7.770540835995589
62.81339996348879,567.0199432373047,7.61665042817949
62.0595479388894,564.0961151123047,7.422720131671692
61.305972105378174,555.3246307373047,7.222502655142572
60.55268277451879,550.4515838623047,7.025795883143574
59.79969077342792,549.4769744873047,6.938045298320834
59.04700747712536,548.5023651123047,7.009059049329367
58.294644843328385,549.4769744873047,7.0914640566619465
65.07651718365793,569.9437713623047,7.729694814320146
64.3218937389208,568.9691619873047,7.824638045837194
63.567518353063925,567.9945526123047,7.798290424231363
62.81339996348879,568.9691619873047,7.628218303158084
62.0595479388894,564.0961151123047,7.414855581453196
61.305972105378174,557.2738494873047,7.213315777460795
60.55268277451879,554.3500213623047,7.014213181410978
59.79969077342792,553.3754119873047,6.92128916975069
59.04700747712536,552.4008026123047,6.994174371066037
58.294644843328385,551.4261932373047,7.076390358196104
65.07651718365793,572.3851165771484,7.7876633642481945
64.3218937389208,571.4105072021484,7.880533943770198
63.567518353063925,572.3851165771484,7.825537642622553
62.81339996348879,571.4105072021484,7.649547181983227
62.0595479388894,566.5374603271484,7.455667331269864
61.305972105378174,561.6644134521484,7.2179928967454146
60.55268277451879,556.7913665771484,6.984189448415053
59.79969077342792,555.8167572021484,6.902606209249869
59.04700747712536,554.8421478271484,6.985079068425656
58.294644843328385,553.8675384521484,7.067060459862125
65.07651718365793,573.6057891845703,7.728178468189245
64.3218937389208,572.6311798095703,7.820914769012485
63.567518353063925,571.6565704345703,7.784225332344847
62.81339996348879,570.6819610595703,7.635087505632562
62.0595479388894,565.8089141845703,7.456193646516515
61.305972105378174,558.9866485595703,7.235327310163909
60.55268277451879,556.0628204345703,7.036887510937325
59.79969077342792,555.0882110595703,6.97312417258207
59.04700747712536,554.1136016845703,7.046595892313398
58.294644843328385,553.1389923095703,7.130178419468179
65.07651718365793,574.8264617919922,7.653353639768045
64.3218937389208,573.8518524169922,7.744108079176444
63.567518353063925,572.8772430419922,7.716761402502458
62.81339996348879,573.8518524169922,7.602909748380863
62.0595479388894,568.9788055419922,7.46511713270401
61.305972105378174,560.2073211669922,7.256752760886329
60.55268277451879,553.3850555419922,7.063369860866102
59.79969077342792,552.4104461669922,7.008107503669925
59.04700747712536,551.4358367919922,7.077464283486954
58.294644843328385,552.4104461669922,7.160068155957097
65.07651718365793,579.7091522216797,7.692142152745816
64.3218937389208,578.7345428466797,7.781139971860167
63.567518353063925,579.7091522216797,7.756559839990977
62.81339996348879,578.7345428466797,7.645020742796698
62.0595479388894,573.8614959716797,7.467247679369604
61.305972105378174,567.0392303466797,7.20334854772325
60.55268277451879,562.1661834716797,6.999843595751556
59.79969077342792,561.1915740966797,6.919214845179728
59.04700747712536,560.2169647216797,6.9578798734900476
58.294644843328385,559.2423553466797,7.041483410623841
65.07651718365793,610.2259674072266,6.1381203525941554
64.3218937389208,611.2005767822266,6.2142348517855694
63.567518353063925,610.2259674072266,6.195248828501369
62.81339996348879,609.2513580322266,6.004617252696007
62.0595479388894,602.4290924072266,5.767423688033982
61.305972105378174,601.4544830322266,5.5566455817596525
60.55268277451879,606.3275299072266,5.36982509592693
59.79969077342792,603.4037017822266,5.285558306766469
59.04700747712536,602.4290924072266,5.312226601309385
58.294644843328385,601.4544830322266,5.379439179832501
65.07651718365793,612.6673126220703,4.839348904658106
64.3218937389208,611.6927032470703,4.904281869583502
63.567518353063925,610.7180938720703,4.9205233811469204
62.81339996348879,609.7434844970703,4.780271135704476
62.0595479388894,608.7688751220703,4.580480271131582
61.305972105378174,607.7942657470703,4.397527245649254
60.55268277451879,608.7688751220703,4.233559512418506
59.79969077342792,607.7942657470703,4.144352987949742
59.04700747712536,606.8196563720703,4.121336234986319
58.294644843328385,605.8450469970703,4.173520988969733
65.07651718365793,588.2538604736328,5.982826956103465
64.3218937389208,587.2792510986328,6.069467425414955
63.567518353063925,586.3046417236328,6.137721694229015
62.81339996348879,585.3300323486328,6.015029632145194
62.0595479388894,584.3554229736328,5.825082332965795
61.305972105378174,583.3808135986328,5.699077718640503
60.55268277451879,584.3554229736328,5.529798241048704
59.79969077342792,581.4315948486328,5.397074839320677
59.04700747712536,580.4569854736328,5.363084873512821
58.294644843328385,579.4823760986328,5.428290460821701
65.07651718365793,590.6952056884766,6.060843652254764
64.3218937389208,589.7205963134766,6.146315464525736
63.567518353063925,588.7459869384766,6.195638296225506
62.81339996348879,587.7713775634766,6.0550396908440165
62.0595479388894,582.8983306884766,5.835117405528837
61.305972105378174,583.8729400634766,5.660071547751057
60.55268277451879,586.7967681884766,5.491910818206603
59.79969077342792,585.8221588134766,5.374924581343965
59.04700747712536,584.8475494384766,5.336758135829914
58.294644843328385,583.8729400634766,5.403776785317962
65.07651718365793,598.0192413330078,5.999353966370136
64.3218937389208,597.0446319580078,6.084991554228437
63.567518353063925,596.0700225830078,6.142236638112436
62.81339996348879,595.0954132080078,6.0164102555442245
62.0595479388894,592.1715850830078,5.816931434736655
61.305972105378174,591.1969757080078,5.652974298878687
60.55268277451879,592.1715850830078,5.470569171730831
59.79969077342792,591.1969757080078,5.338096529841781
59.04700747712536,590.2223663330078,5.2946004571469585
58.294644843328385,589.2477569580078,5.360334696662247
65.07651718365793,588.2538604736328,6.02719995567325
64.3218937389208,587.2792510986328,6.112315063047445
63.567518353063925,586.3046417236328,6.15980208437466
62.81339996348879,585.3300323486328,6.044424102388882
62.0595479388894,584.3554229736328,5.877031144342503
61.305972105378174,581.4315948486328,5.723877749354982
60.55268277451879,580.4569854736328,5.527691398651857
59.79969077342792,579.4823760986328,5.3945815830210195
59.04700747712536,578.5077667236328,5.367832259540584
58.294644843328385,577.5331573486328,5.433704191040443
65.07651718365793,593.1365509033203,6.0056438830374255
64.3218937389208,592.1619415283203,6.089663897685074
63.567518353063925,591.1873321533203,6.145900433408099
62.81339996348879,590.2127227783203,6.0348720440517285
62.0595479388894,587.2888946533203,5.8550605093267345
61.305972105378174,584.3650665283203,5.714875143062861
60.55268277451879,583.3904571533203,5.5399239937472275
59.79969077342792,582.4158477783203,5.406242310058153
59.04700747712536,581.4412384033203,5.380076784649811
58.294644843328385,580.4666290283203,5.444878963409861
65.07651718365793,594.3572235107422,6.08190062617481
64.3218937389208,593.3826141357422,6.164546621622552
63.567518353063925,592.4080047607422,6.20493486902202
62.81339996348879,591.4333953857422,6.072444056410927
62.0595479388894,590.4587860107422,5.863103532429927
61.305972105378174,587.5349578857422,5.696267408008029
60.55268277451879,584.6111297607422,5.502919355662697
59.79969077342792,583.6365203857422,5.357778236880745
59.04700747712536,582.6619110107422,5.337894867363791
58.294644843328385,581.6873016357422,5.402394873863172
65.07651718365793,605.3432769775391,6.084954626858294
64.3218937389208,604.3686676025391,6.168041519757327
63.567518353063925,603.3940582275391,6.197921853994846
62.81339996348879,602.4194488525391,6.040993591080638
62.0595479388894,597.5464019775391,5.80797218400228
61.305972105378174,594.6225738525391,5.643896991328167
60.55268277451879,593.6479644775391,5.4634338111808
59.79969077342792,592.6733551025391,5.325211520135347
59.04700747712536,591.6987457275391,5.317925317949879
58.294644843328385,590.7241363525391,5.3841085215375815
65.07651718365793,600.4605865478516,6.105920853192146
64.3218937389208,599.4859771728516,6.188445643561764
63.567518353063925,598.5113677978516,6.212237822252659
62.81339996348879,597.5367584228516,6.063613624123003
62.0595479388894,594.6129302978516,5.850495855243149
61.305972105378174,591.6891021728516,5.678177391647917
60.55268277451879,588.7652740478516,5.483406421618176
59.79969077342792,587.7906646728516,5.35007554513281
59.04700747712536,586.8160552978516,5.345877741293427
58.294644843328385,585.8414459228516,5.410697199144323
65.07651718365793,598.0192413330078,6.138499112397297
64.3218937389208,597.0446319580078,6.221878228586757
63.567518353063925,596.0700225830078,6.22684043435818
62.81339996348879,595.0954132080078,6.052315178950314
62.0595479388894,594.1208038330078,5.842096264794608
61.305972105378174,589.2477569580078,5.671420811046411
60.55268277451879,588.2731475830078,5.476722184434715
59.79969077342792,587.2985382080078,5.374516688851413
59.04700747712536,584.3747100830078,5.3928190606906385
58.294644843328385,585.3493194580078,5.457663019706157
65.07651718365793,598.0192413330078,6.134955558684403
64.3218937389208,597.0446319580078,6.2171354931261344
63.567518353063925,596.0700225830078,6.238504412737026
62.81339996348879,595.0954132080078,6.081631068005504
62.0595479388894,592.1715850830078,5.829284736038887
61.305972105378174,589.2477569580078,5.630796669945975
60.55268277451879,588.2731475830078,5.477332376012065
59.79969077342792,587.2985382080078,5.369598368802112
59.04700747712536,584.3747100830078,5.360811245456069
58.294644843328385,585.3493194580078,5.427209417172295
65.07651718365793,601.6812591552734,6.059943929974659
64.3218937389208,600.7066497802734,6.141235330948299
63.567518353063925,599.7320404052734,6.151066721398517
62.81339996348879,598.7574310302734,6.00675912503808
62.0595479388894,593.8843841552734,5.794414517100946
61.305972105378174,587.0621185302734,5.625734318908808
60.55268277451879,586.0875091552734,5.526402995443025
59.79969077342792,585.1128997802734,5.487866618559303
59.04700747712536,582.1890716552734,5.509528018585529
58.294644843328385,583.1636810302734,5.5787606243155805
65.07651718365793,609.0052947998047,6.013183572541153
64.3218937389208,608.0306854248047,6.093949380842247
63.567518353063925,607.0560760498047,6.113520348891895
62.81339996348879,606.0814666748047,5.979129029160919
62.0595479388894,597.3099822998047,5.750236304385704
61.305972105378174,588.5384979248047,5.589894232418961
60.55268277451879,587.5638885498047,5.540837832567801
59.79969077342792,586.5892791748047,5.520864527145961
59.04700747712536,585.6146697998047,5.538000834078993
58.294644843328385,584.6400604248047,5.609107344825867
65.07651718365793,611.4466400146484,5.99386453260401
64.3218937389208,610.4720306396484,6.071990047280561
63.567518353063925,609.4974212646484,6.092261864592908
62.81339996348879,608.5228118896484,5.968705174080128
62.0595479388894,601.7005462646484,5.745751878339761
61.305972105378174,592.9290618896484,5.576260915872033
60.55268277451879,591.9544525146484,5.509965554154629
59.79969077342792,590.9798431396484,5.473397454323271
59.04700747712536,590.0052337646484,5.485358232657726
58.294644843328385,589.0306243896484,5.555421711570288
65.07651718365793,607.7846221923828,5.980740592357993
64.3218937389208,606.8100128173828,6.057128335900395
63.567518353063925,605.8354034423828,6.083766876328389
62.81339996348879,604.8607940673828,5.989953221122879
62.0595479388894,599.9877471923828,5.7899584940965365
61.305972105378174,593.1654815673828,5.596555506533546
60.55268277451879,592.1908721923828,5.508531274967342
59.79969077342792,589.2670440673828,5.457529641620711
59.04700747712536,588.2924346923828,5.448475695930383
58.294644843328385,587.3178253173828,5.518253603693912
65.07651718365793,606.5639495849609,6.0501123168947775
64.3218937389208,605.5893402099609,6.126308515956209
63.567518353063925,604.6147308349609,6.124445929206862
62.81339996348879,603.6401214599609,6.008908927134727
62.0595479388894,596.8178558349609,5.811947254895102
61.305972105378174,589.9955902099609,5.5848200432351875
60.55268277451879,589.0209808349609,5.487461450441256
59.79969077342792,588.0463714599609,5.4696908158210515
59.04700747712536,587.0717620849609,5.471500975543217
58.294644843328385,586.0971527099609,5.543132683437502
65.07651718365793,605.3432769775391,6.055822831224858
64.3218937389208,604.3686676025391,6.131726109995072
63.567518353063925,603.3940582275391,6.122756431442067
62.81339996348879,602.4194488525391,6.002927038493151
62.0595479388894,597.5464019775391,5.807223444839693
61.305972105378174,592.6733551025391,5.5863817082347555
60.55268277451879,591.6987457275391,5.477789042421555
59.79969077342792,590.7241363525391,5.4494870804887565
59.04700747712536,589.7495269775391,5.462395680189232
58.294644843328385,588.7749176025391,5.5320938599068175
65.07651718365793,601.6812591552734,6.019806893310484
64.3218937389208,600.7066497802734,6.09604002867611
63.567518353063925,599.7320404052734,6.090148453685935
62.81339996348879,598.7574310302734,5.978594287786281
62.0595479388894,597.7828216552734,5.826574557837155
61.305972105378174,592.9097747802734,5.628089214725458
60.55268277451879,589.9859466552734,5.46995287829431
59.79969077342792,589.0113372802734,5.416124518325375
59.04700747712536,588.0367279052734,5.434917310104182
58.294644843328385,587.0621185302734,5.501611001788828
65.07651718365793,601.6812591552734,6.022401124363999
64.3218937389208,600.7066497802734,6.098091021003681
63.567518353063925,599.7320404052734,6.087208796862071
62.81339996348879,598.7574310302734,5.966750325111555
62.0595479388894,599.7320404052734,5.824959238997093
61.305972105378174,598.7574310302734,5.637827345763203
60.55268277451879,593.8843841552734,5.432929963784778
59.79969077342792,592.9097747802734,5.34503795096872
59.04700747712536,591.9351654052734,5.375151468816078
58.294644843328385,590.9605560302734,5.439237782224789
65.07651718365793,604.1226043701172,6.076185789897207
64.3218937389208,603.1479949951172,6.152637590947489
63.567518353063925,602.1733856201172,6.1358504461051195
62.81339996348879,601.1987762451172,5.9786926709278365
62.0595479388894,598.2749481201172,5.796504107736421
61.305972105378174,597.3003387451172,5.616701429513841
60.55268277451879,596.3257293701172,5.426536131041004
59.79969077342792,595.3511199951172,5.34687538727136
59.04700747712536,594.3765106201172,5.389488060570279
58.294644843328385,593.4019012451172,5.45484515950402
